date,days_ahead,airport_icao,airport_iata,airport_name,city,temp_min,temp_max,wind_avg,wind_max,gust_max,precip_total,cloud_avg,flight_ok_count,flight_total_count,flight_ok_ratio,daily_risk,updated_at
2026-10-02,0,ZGGG,CAN,廣州白雲國際機場,廣州,19.5,30.7,4.3,6.0,21.1,0.0,72.1,7,8,87.5,HIGH,2026-10-02 05:54:15
2026-10-02,0,ZSFZ,FOC,福州長樂國際機場,福州,21.2,25.0,14.7,18.0,19.8,0.0,67.4,6,8,75.0,HIGH,2026-10-02 05:54:15
2026-10-02,0,ZSPD,PVG,上海浦東國際機場,上海,16.7,23.6,9.6,13.3,16.0,0.0,90.5,8,8,100.0,LOW,2026-10-02 05:54:15
2026-10-03,1,ZGGG,CAN,廣州白雲國際機場,廣州,19.3,29.6,3.8,6.8,17.1,0.0,54.5,6,8,75.0,HIGH,2026-10-02 05:54:15
2026-10-03,1,ZSFZ,FOC,福州長樂國際機場,福州,20.6,25.1,16.1,18.7,24.6,0.0,54.5,5,8,62.5,HIGH,2026-10-02 05:54:15
2026-10-03,1,ZSPD,PVG,上海浦東國際機場,上海,19.1,23.6,8.7,15.8,14.3,0.0,97.7,7,8,87.5,HIGH,2026-10-02 05:54:15
2026-10-04,2,ZGGG,CAN,廣州白雲國際機場,廣州,19.0,29.5,5.2,8.6,21.5,0.0,84.4,6,8,75.0,HIGH,2026-10-02 05:54:15
2026-10-04,2,ZSFZ,FOC,福州長樂國際機場,福州,19.5,25.1,16.4,18.7,23.3,0.0,58.9,7,8,87.5,HIGH,2026-10-02 05:54:15
2026-10-04,2,ZSPD,PVG,上海浦東國際機場,上海,21.5,25.0,8.7,14.3,14.5,0.0,43.4,8,8,100.0,LOW,2026-10-02 05:54:15
2026-10-05,3,ZGGG,CAN,廣州白雲國際機場,廣州,24.5,28.2,5.9,12.0,20.4,0.0,57.9,8,8,100.0,LOW,2026-10-02 05:54:15
2026-10-05,3,ZSFZ,FOC,福州長樂國際機場,福州,22.5,26.7,14.0,16.5,25.0,0.0,47.6,8,8,100.0,LOW,2026-10-02 05:54:15
2026-10-05,3,ZSPD,PVG,上海浦東國際機場,上海,18.6,24.5,9.9,13.0,20.4,0.0,55.1,7,8,87.5,HIGH,2026-10-02 05:54:15
2026-10-06,4,ZGGG,CAN,廣州白雲國際機場,廣州,19.6,27.6,3.9,5.1,11.8,0.01,61.4,7,8,87.5,HIGH,2026-10-02 05:54:15
2026-10-06,4,ZSFZ,FOC,福州長樂國際機場,福州,21.3,26.5,14.8,19.8,24.2,0.0,61.9,6,8,75.0,HIGH,2026-10-02 05:54:15
2026-10-06,4,ZSPD,PVG,上海浦東國際機場,上海,19.8,22.8,8.8,14.8,17.4,0.0,72.4,7,8,87.5,HIGH,2026-10-02 05:54:15
2026-10-07,5,ZGGG,CAN,廣州白雲國際機場,廣州,20.8,28.5,5.2,9.8,9.1,0.03,44.3,7,8,87.5,HIGH,2026-10-02 05:54:15
2026-10-07,5,ZSFZ,FOC,福州長樂國際機場,福州,22.7,26.1,16.2,19.3,24.7,0.0,40.0,8,8,100.0,LOW,2026-10-02 05:54:15
2026-10-07,5,ZSPD,PVG,上海浦東國際機場,上海,20.5,22.9,9.8,14.6,16.2,0.0,64.1,8,8,100.0,LOW,2026-10-02 05:54:15
2026-10-08,6,ZGGG,CAN,廣州白雲國際機場,廣州,19.1,26.1,5.9,11.1,13.9,0.0,43.1,7,8,87.5,HIGH,2026-10-02 05:54:15
2026-10-08,6,ZSFZ,FOC,福州長樂國際機場,福州,22.6,26.5,16.1,18.0,24.8,0.0,41.2,8,8,100.0,LOW,2026-10-02 05:54:15
2026-10-08,6,ZSPD,PVG,上海浦東國際機場,上海,18.3,21.8,10.1,13.3,18.0,0.0,79.5,6,8,75.0,HIGH,2026-10-02 05:54:15
2026-10-09,7,ZGGG,CAN,廣州白雲國際機場,廣州,17.8,28.3,3.6,5.0,20.6,0.02,35.0,8,8,100.0,LOW,2026-10-02 05:54:15
2026-10-09,7,ZSFZ,FOC,福州長樂國際機場,福州,20.9,25.1,14.2,17.7,21.7,0.0,56.1,7,8,87.5,HIGH,2026-10-02 05:54:15
2026-10-09,7,ZSPD,PVG,上海浦東國際機場,上海,17.8,23.3,8.3,12.4,14.6,0.0,76.2,7,8,87.5,HIGH,2026-10-02 05:54:15
