date,year,month,day,year_month,weekday,weekday_zh,pla_aircraft_sorties,china_carrier_present,country1,country2,US_Taiwan_interaction,Political_statement,Foreign_battleship,sentiment_score,sentiment_label,與那國,宮古,大禹,對馬,國家
2015/3/30,,,,,,,1.0,,,,,,,,,,,,,
2015/5/21,,,,,,,2.0,,,,,,,,,,,,,
2015/6/10,,,,,,,2.0,,,,,,,,,,,,,
2015/7/29,,,,,,,3.0,,,,,,,,,,,,,
2015/7/30,,,,,,,3.0,,,,,,,,,,,,,
2015/8/14,,,,,,,2.0,,,,,,,,,,,,,
2015/11/27,,,,,,,6.0,,,,,,,,,,,,,
2016/8/18,,,,,,,2.0,,,,,,,,,,,,,
2016/8/19,,,,,,,2.0,,,,,,,,,,,,,
2016/9/12,,,,,,,4.0,,,,,,,,,,,,,
2016/9/25,,,,,,,8.0,,,,,,,,,,,,,
2016/10/27,,,,,,,2.0,,,,,,,,,,,,,
2016/11/25,,,,,,,6.0,,,,,,,,,,,,,
2016/12/10,,,,,,,6.0,,,,,,,,,,,,,
2017/1/9,,,,,,,3.0,,,,,,,,,,,,,
2017/3/2,,,,,,,13.0,,,,,,,,,,,,,
2017/7/13,,,,,,,6.0,,,,,,,,,,,,,
2017/7/20,,,,,,,10.0,,,,,,,,,,,,,
2017/7/24,,,,,,,4.0,,,,,,,,,,,,,
2017/7/25,,,,,,,1.0,,,,,,,,,,,,,
2017/8/5,,,,,,,2.0,,,,,,,,,,,,,
2017/8/9,,,,,,,1.0,,,,,,,,,,,,,
2017/8/12,,,,,,,3.0,,,,,,,,,,,,,
2017/8/13,,,,,,,2.0,,,,,,,,,,,,,
2017/8/14,,,,,,,1.0,,,,,,,,,,,,,
2017/8/24,,,,,,,6.0,,,,,,,,,,,,,
2017/11/11,,,,,,,5.0,,,,,,,,,,,,,
2017/11/18,,,,,,,1.0,,,,,,,,,,,,,
2017/11/19,,,,,,,6.0,,,,,,,,,,,,,
2017/11/22,,,,,,,14.0,,,,,,,,,,,,,
2017/11/23,,,,,,,7.0,,,,,,,,,,,,,
2017/12/7,,,,,,,5.0,,,,,,,,,,,,,
2017/12/9,,,,,,,6.0,,,,,,,,,,,,,
2017/12/11,,,,,,,7.0,,,,,,,,,,,,,
2017/12/17,,,,,,,2.0,,,,,,,,,,,,,
2017/12/18,,,,,,,6.0,,,,,,,,,,,,,
2017/12/20,,,,,,,6.0,,,,,,,,,,,,,
2018/2/21,,,,,,,14.0,,,,,,,,,,,,,
2018/3/23,,,,,,,8.0,,,,,,,,,,,,,
2018/3/26,,,,,,,3.0,,,,,,,,,,,,,
2018/4/18,,,,,,,2.0,,,,,,,,,,,,,
2018/4/19,,,,,,,5.0,,,,,,,,,,,,,
2018/4/20,,,,,,,2.0,,,,,,,,,,,,,
2018/4/26,,,,,,,5.0,,,,,,,,,,,,,
2018/5/11,,,,,,,9.0,,,,,,,,,,,,,
2018/5/14,,,,,,,1.0,,,,,,,,,,,,,
2018/5/17,,,,,,,1.0,,,,,,,,,,,,,
2018/5/24,,,,,,,1.0,,,,,,,,,,,,,
2018/5/25,,,,,,,1.0,,,,,,,,,,,,,
2018/6/4,,,,,,,1.0,,,,,,,,,,,,,
2018/12/18,,,,,,,4.0,,,,,,,,,,,,,
2019/1/22,,,,,,,2.0,,,,,,,,,,,,,
2019/1/24,,,,,,,2.0,,,,,,,,,,,,,
2019/3/30,,,,,,,5.0,,,,,,,,,,,,,
2019/3/31,,,,,,,6.0,,,,,,,,,,,,,
2019/4/15,,,,,,,7.0,,,,,,,,,,,,,
2019/5/29,,,,,,,1.0,,,,,,,,,,,,,
2019/7/23,,,,,,,2.0,,,,,,,,,,,,,
2020/1/16,,,,,,,,,,,,,美軍提康德羅加巡洋艦「希羅」號（USS Shiloh CG-67）航經台灣海峽,,,,,,,
2020/1/20,,,,,,,1.0,,,,,,,,,,,,,
2020/1/23,,,,,,,2.0,,,,,,,,,,,,,
2020/2/9,,,,,,,6.0,,,,,,,,,,,,,
2020/2/10,,,,,,,2.0,,,,,,,,,,,,,
2020/2/15,2020.0,2.0,15.0,20-Feb,Saturday,星期六,,,,,,,美海軍提康德羅加級巡洋艦「錢瑟勒斯維爾」號（USS Chancellorsville CG-62）由北向南航經台灣海峽，執行一般航行任務,,,,,,,
2020/2/28,,,,,,,1.0,,,,,,,,,,,,,
2020/3/16,,,,,,,2.0,,,,,,,,,,,,,
2020/3/19,2020.0,3.0,19.0,20-Mar,Thursday,星期四,,0.0,,,,,,,,,,,,
2020/3/23,2020.0,3.0,23.0,20-Mar,Monday,星期一,,0.0,,,,,,,,,,,,
2020/3/25,2020.0,3.0,25.0,20-Mar,Wednesday,星期三,,0.0,,,,,美軍伯克級驅逐艦「麥坎貝爾」號（USS McCampbell DDG-85）由南向北航經台灣海峽執行一般航行任務,,,,,,,
2020/3/26,2020.0,3.0,26.0,20-Mar,Thursday,星期四,,0.0,,,,,,,,,,,,
2020/4/10,,,,,,,3.0,,,,,,美軍伯克級驅逐艦「貝瑞」號（USS Barry DDG-52）通過台灣海峽執行一般航行任務,,,,,,,
2020/4/11,2020.0,4.0,11.0,20-Apr,Saturday,星期六,,1.0,,,,,,,,,,,,
2020/4/23,2020.0,4.0,23.0,20-Apr,Thursday,星期四,,,,,,,美軍伯克級驅逐艦「貝瑞」號（USS Barry DDG-52）航經台灣海峽執行一般航行任務,,,,,,,
2020/5/8,,,,,,,2.0,,,,,,,,,,,,,
2020/5/11,,,,,,,2.0,,,,,,,,,,,,,
2020/5/12,,,,,,,1.0,,,,,,,,,,,,,
2020/5/13,2020.0,5.0,13.0,20-May,Wednesday,星期三,,,,,,,伯克級驅逐艦「麥坎貝爾」號（USS McCampbell DDG-85）由北向南通過台灣海峽,,,,,,,
2020/5/14,,,,,,,1.0,,,,,,,,,,,,,
2020/5/15,,,,,,,2.0,,,,,,,,,,,,,
2020/5/17,,,,,,,1.0,,,,,,,,,,,,,
2020/5/19,,,,,,,1.0,,,,,,,,,,,,,
2020/6/4,2020.0,6.0,4.0,20-Jun,Thursday,星期四,,,,,,,美軍伯克級驅逐艦拉塞爾號（USS Russell DDG-59）通過台灣海峽,,,,,,,
2020/6/9,,,,,,,1.0,,,,,,,,,,,,,
2020/6/12,,,,,,,1.0,,,,,,,,,,,,,
2020/6/16,,,,,,,1.0,,,,,,,,,,,,,
2020/6/17,,,,,,,1.0,,,,,,,,,,,,,
2020/6/18,,,,,,,1.0,,,,,,,,,,,,,
2020/6/19,,,,,,,1.0,,,,,,,,,,,,,
2020/6/21,,,,,,,1.0,,,,,,,,,,,,,
2020/6/22,,,,,,,2.0,,,,,,,,,,,,,
2020/6/23,2020.0,6.0,23.0,20-Jun,Tuesday,星期二,,0.0,,,,,,,,,,,,
2020/6/24,,,,,,,1.0,,,,,,,,,,,,,
2020/6/26,,,,,,,2.0,,,,,,,,,,,,,
2020/6/28,,,,,,,2.0,,,,,,,,,,,,,
2020/6/29,2020.0,6.0,29.0,20-Jun,Monday,星期一,,0.0,,,,,,,,,,,,
2020/7/16,,,,,,,1.0,,,,,,,,,,,,,
2020/7/17,,,,,,,1.0,,,,,,,,,,,,,
2020/7/20,2020.0,7.0,20.0,20-Jul,Monday,星期一,,0.0,,,,,,,,,,,,
2020/7/23,2020.0,7.0,23.0,20-Jul,Thursday,星期四,,,,,,,,,,,,,,
2020/7/24,,,,,,,1.0,,,,,,,,,,,,,
2020/7/31,2020.0,7.0,31.0,20-Jul,Friday,星期五,,,,,,,,,,,,,,
2020/8/5,2020.0,8.0,5.0,20-Aug,Wednesday,星期三,,,,,,,,,,,,,,
2020/8/9,2020.0,8.0,9.0,20-Aug,Sunday,星期日,,,US,TW,美國衛生部長阿札爾 (Alex Azar) 訪台,美國政治聲明：阿札爾稱台灣是「民主成功故事」，讚揚其 COVID-19 應對 ,,,,,,,,
2020/8/10,2020.0,8.0,10.0,20-Aug,Monday,星期一,2.0,,CN,TW,,中共政治聲明：中共外交部抗議阿札爾訪台 。,,,,,,,,
2020/8/18,2020.0,8.0,18.0,20-Aug,Tuesday,星期二,,,,,,,美軍伯克級驅逐艦「馬斯廷」號（USS Mustin DDG-89）通過台灣海峽，沿接近中國大陸海岸線的海峽中線以西航行,,,,,,,
2020/8/20,,,,,,,1.0,,,,,,,,,,,,,
2020/8/30,,,,,,,1.0,,,,,,,,,,,,,
2020/8/31,2020.0,8.0,31.0,20-Aug,Monday,星期一,,,,,,,美軍伯克級驅逐艦「海爾賽」號（USS Halsey DDG-97）由北向南航經台灣海峽,,,,,,,
2020/9/9,,,,,,,30.0,,,,,,,,,,,,,
2020/9/10,,,,,,,30.0,,,,,,,,,,,,,
2020/9/13,,,,,,,1.0,,,,,,,,,,,,,
2020/9/16,,,,,,,2.0,,,,,,,,,,,,,
2020/9/18,2020.0,9.0,18.0,20-Sep,Friday,星期五,18.0,,CN,TW,,從18日開始，中國人民解放軍東部戰區在台海附近組織實戰化演練。任國強並稱這是「針對當前台海形勢、維護國家主權和領土完整所採取的正當必要行動,,,,,,,,
2020/9/19,,,,,,,19.0,,,,,,,,,,,,,
2020/9/21,,,,,,,2.0,,,,,,,,,,,,,
2020/9/22,,,,,,,2.0,,,,,,,,,,,,,
2020/9/23,,,,,,,2.0,,,,,,,,,,,,,
2020/9/24,,,,,,,1.0,,,,,,,,,,,,,
2020/9/25,,,,,,,1.0,,,,,,,,,,,,,
2020/9/28,2020.0,9.0,28.0,20-Sep,Monday,星期一,,0.0,,,,,,,,,,,,
2020/9/29,,,,,,,2.0,,,,,,,,,,,,,
2020/10/1,,,,,,,1.0,,,,,,,,,,,,,
2020/10/3,,,,,,,1.0,,,,,,,,,,,,,
2020/10/4,,,,,,,1.0,,,,,,,,,,,,,
2020/10/6,,,,,,,1.0,,,,,,,,,,,,,
2020/10/7,,,,,,,1.0,,,,,,,,,,,,,
2020/10/8,,,,,,,1.0,,,,,,,,,,,,,
2020/10/9,,,,,,,2.0,,,,,,,,,,,,,
2020/10/10,,,,,,,1.0,,,,,,,,,,,,,
2020/10/11,,,,,,,1.0,,,,,,,,,,,,,
2020/10/15,2020.0,10.0,15.0,20-Oct,Thursday,星期四,1.0,,,,,,美軍伯克級飛彈驅逐艦「貝瑞」號（USS Barry DDG-52）通過台灣海峽,,,,,,,
2020/10/16,,,,,,,1.0,,,,,,,,,,,,,
2020/10/17,,,,,,,1.0,,,,,,,,,,,,,
2020/10/20,,,,,,,3.0,,,,,,,,,,,,,
2020/10/21,,,,,,,1.0,,,,,,,,,,,,,
2020/10/22,,,,,,,1.0,,,,,,,,,,,,,
2020/10/25,,,,,,,1.0,,,,,,,,,,,,,
2020/10/26,2020.0,10.0,26.0,20-Oct,Monday,星期一,1.0,,CN,US,,中共政治聲明：為維護國家利益，中國決定採取必要措施，對參與軍售的洛克希德·馬丁、波音防務、雷神等美國公司實施制裁。,,,,,,,,
2020/10/26,2020.0,10.0,26.0,20-Oct,Monday,星期一,1.0,,CN,TW,,10月26日，中國外交部發言人趙立堅在外交部例行記者會上表示，中方決定對參與對台軍售的洛克希德·馬丁、波音防務、雷神等美國企業以及與售台武器相關的美國有關個人與實體實施制裁,,,,,,,,
2020/10/27,,,,,,,1.0,,,,,,,,,,,,,
2020/10/28,,,,,,,1.0,,,,,,,,,,,,,
2020/10/29,,,,,,,1.0,,,,,,,,,,,,,
2020/10/30,,,,,,,3.0,,,,,,,,,,,,,
2020/10/31,,,,,,,1.0,,,,,,,,,,,,,
2020/11/1,,,,,,,1.0,,,,,,,,,,,,,
2020/11/2,,,,,,,8.0,,,,,,,,,,,,,
2020/11/3,,,,,,,1.0,,,,,,,,,,,,,
2020/11/4,,,,,,,1.0,,,,,,,,,,,,,
2020/11/5,,,,,,,3.0,,,,,,,,,,,,,
2020/11/6,,,,,,,1.0,,,,,,,,,,,,,
2020/11/10,,,,,,,1.0,,,,,,,,,,,,,
2020/11/11,,,,,,,2.0,,,,,,,,,,,,,
2020/11/12,,,,,,,1.0,,,,,,,,,,,,,
2020/11/14,,,,,,,1.0,,,,,,,,,,,,,
2020/11/15,,,,,,,2.0,,,,,,,,,,,,,
2020/11/16,,,,,,,2.0,,,,,,,,,,,,,
2020/11/17,,,,,,,2.0,,,,,,,,,,,,,
2020/11/18,,,,,,,3.0,,,,,,,,,,,,,
2020/11/21,2020.0,11.0,21.0,20-Nov,Saturday,星期六,2.0,,,,,,美軍伯克級神盾驅逐艦「貝瑞」號（USS Barry DDG-52）通過台灣海峽,,,,,,,
2020/11/22,,,,,,,1.0,,,,,,,,,,,,,
2020/11/23,,,,,,,1.0,,,,,,,,,,,,,
2020/11/24,,,,,,,2.0,,,,,,,,,,,,,
2020/11/25,,,,,,,1.0,,,,,,,,,,,,,
2020/11/28,,,,,,,2.0,,,,,,,,,,,,,
2020/11/29,,,,,,,1.0,,,,,,,,,,,,,
2020/11/30,,,,,,,2.0,,,,,,,,,,,,,
2020/12/1,,,,,,,1.0,,,,,,,,,,,,,
2020/12/2,,,,,,,1.0,,,,,,,,,,,,,
2020/12/4,,,,,,,3.0,,,,,,,,,,,,,
2020/12/5,,,,,,,2.0,,,,,,,,,,,,,
2020/12/6,,,,,,,1.0,,,,,,,,,,,,,
2020/12/7,,,,,,,1.0,,,,,,,,,,,,,
2020/12/9,,,,,,,2.0,,,,,,,,,,,,,
2020/12/10,,,,,,,1.0,,,,,,,,,,,,,
2020/12/12,,,,,,,1.0,,,,,,,,,,,,,
2020/12/15,,,,,,,1.0,,,,,,,,,,,,,
2020/12/16,,,,,,,4.0,,,,,,,,,,,,,
2020/12/20,,,,,,,2.0,,,,,,,,,,,,,
2020/12/21,,,,,,,2.0,,,,,,,,,,,,,
2020/12/22,,,,,,,2.0,,,,,,,,,,,,,
2020/12/24,,,,,,,2.0,,,,,,,,,,,,,
2020/12/25,,,,,,,2.0,,,,,,,,,,,,,
2020/12/26,,,,,,,1.0,,,,,,,,,,,,,
2020/12/28,,,,,,,1.0,,,,,,,,,,,,,
2020/12/29,,,,,,,1.0,,,,,,,,,,,,,
2021/1/2,,,,,,,1.0,,,,,,,,,,,,,
2021/1/3,,,,,,,1.0,,,,,,,,,,,,,
2021/1/4,,,,,,,4.0,,,,,,,,,,,,,
2021/1/5,,,,,,,1.0,,,,,,,,,,,,,
2021/1/6,,,,,,,2.0,,,,,,,,,,,,,
2021/1/7,,,,,,,1.0,,,,,,,,,,,,,
2021/1/9,2021.0,1.0,9.0,21-Jan,Saturday,星期六,1.0,,,,,,,,,,,,,
2021/1/11,,,,,,,1.0,,,,,,,,,,,,,
2021/1/12,,,,,,,3.0,,,,,,,,,,,,,
2021/1/13,,,,,,,1.0,,,,,,,,,,,,,
2021/1/14,,,,,,,2.0,,,,,,,,,,,,,
2021/1/15,,,,,,,1.0,,,,,,,,,,,,,
2021/1/16,,,,,,,1.0,,,,,,,,,,,,,
2021/1/17,,,,,,,1.0,,,,,,,,,,,,,
2021/1/18,,,,,,,3.0,,,,,,,,,,,,,
2021/1/19,,,,,,,2.0,,,,,,,,,,,,,
2021/1/20,2021.0,1.0,20.0,21-Jan,Wednesday,星期三,1.0,,US,TW,台灣駐美代表蕭美琴正式受邀出席美國總統拜登就職典禮 ,,美國林肯號航空母艦經過巴士海峽,,,,,,,
2021/1/22,,,,,,,1.0,,,,,,,,,,,,,
2021/1/23,2021.0,1.0,23.0,21-Jan,Saturday,星期六,13.0,,US,CN,,美國政治聲明：我們敦促北京停止對台灣的軍事、外交和經濟壓力，轉而與台灣民選代表進行有意義的對話。美國對台承諾「堅若磐石」(rock-solid) 。,美國杜威號驅逐艦通過,,,,,,,
2021/1/24,,,,,,,15.0,,,,,,,,,,,,,
2021/1/25,,,,,,,1.0,,,,,,,,,,,,,
2021/1/26,,,,,,,4.0,,,,,,,,,,,,,
2021/1/27,,,,,,,3.0,,,,,,,,,,,,,
2021/1/28,,,,,,,2.0,,,,,,,,,,,,,
2021/1/29,,,,,,,2.0,,,,,,,,,,,,,
2021/1/30,,,,,,,1.0,,,,,,,,,,,,,
2021/1/31,,,,,,,7.0,,,,,,,,,,,,,
2021/2/1,,,,,,,1.0,,,,,,,,,,,,,
2021/2/2,,,,,,,1.0,,,,,,,,,,,,,
2021/2/4,2021.0,2.0,4.0,21-Feb,Thursday,星期四,2.0,,,,,,美海軍「麥凱恩」號驅逐艦,,,,,,,
2021/2/5,,,,,,,1.0,,,,,,,,,,,,,
2021/2/6,,,,,,,1.0,,,,,,,,,,,,,
2021/2/7,,,,,,,2.0,,,,,,,,,,,,,
2021/2/8,,,,,,,2.0,,,,,,,,,,,,,
2021/2/13,,,,,,,2.0,,,,,,,,,,,,,
2021/2/15,,,,,,,1.0,,,,,,,,,,,,,
2021/2/16,,,,,,,1.0,,,,,,,,,,,,,
2021/2/17,,,,,,,2.0,,,,,,,,,,,,,
2021/2/18,,,,,,,1.0,,,,,,,,,,,,,
2021/2/19,,,,,,,9.0,,,,,,,,,,,,,
2021/2/20,,,,,,,11.0,,,,,,,,,,,,,
2021/2/22,,,,,,,1.0,,,,,,,,,,,,,
2021/2/23,,,,,,,1.0,,,,,,,,,,,,,
2021/2/24,2021.0,2.0,24.0,21-Feb,Wednesday,星期三,,,,,,,美海軍「威爾伯」號驅逐艦,,,,,,,
2021/2/28,,,,,,,1.0,,,,,,,,,,,,,
2021/3/1,,,,,,,1.0,,,,,,,,,,,,,
2021/3/2,,,,,,,1.0,,,,,,,,,,,,,
2021/3/3,,,,,,,2.0,,,,,,,,,,,,,
2021/3/8,,,,,,,2.0,,,,,,,,,,,,,
2021/3/10,2021.0,3.0,10.0,21-Mar,Wednesday,星期三,1.0,,,,,,美海軍「費恩」號驅逐艦,,,,,,,
2021/3/11,,,,,,,1.0,,,,,,,,,,,,,
2021/3/12,,,,,,,1.0,,,,,,,,,,,,,
2021/3/14,,,,,,,1.0,,,,,,,,,,,,,
2021/3/15,,,,,,,2.0,,,,,,,,,,,,,
2021/3/16,,,,,,,1.0,,,,,,,,,,,,,
2021/3/17,,,,,,,1.0,,,,,,,,,,,,,
2021/3/19,2021.0,3.0,19.0,21-Mar,Friday,星期五,,0.0,,,,,,,,,,,,
2021/3/20,,,,,,,1.0,,,,,,,,,,,,,
2021/3/24,,,,,,,3.0,,,,,,,,,,,,,
2021/3/25,,,,,,,3.0,,,,,,,,,,,,,
2021/3/26,,,,,,,20.0,,,,,,,,,,,,,
2021/3/27,,,,,,,1.0,,,,,,,,,,,,,
2021/3/29,,,,,,,11.0,,,,,,,,,,,,,
2021/3/30,,,,,,,1.0,,,,,,,,,,,,,
2021/4/3,,,,,,,1.0,,,,,,,,,,,,,
2021/4/4,2021.0,4.0,4.0,21-Apr,Sunday,星期日,1.0,1.0,,,,,,,,,,,,
2021/4/5,,,,,,,10.0,,,,,,,,,,,,,
2021/4/6,,,,,,,5.0,,,,,,,,,,,,,
2021/4/7,2021.0,4.0,7.0,21-Apr,Wednesday,星期三,16.0,,,,,,美海軍「麥凱恩」號驅逐艦,,,,,,,
2021/4/8,,,,,,,2.0,,,,,,,,,,,,,
2021/4/9,,,,,,,11.0,,,,,,,,,,,,,
2021/4/10,,,,,,,3.0,,,,,,,,,,,,,
2021/4/11,,,,,,,1.0,,,,,,,,,,,,,
2021/4/12,,,,,,,25.0,,,,,,,,,,,,,
2021/4/13,,,,,,,5.0,,,,,,,,,,,,,
2021/4/15,,,,,,,2.0,,,,,,,,,,,,,
2021/4/16,,,,,,,1.0,,,,,,,,,,,,,
2021/4/17,,,,,,,1.0,,,,,,,,,,,,,
2021/4/18,,,,,,,2.0,,,,,,,,,,,,,
2021/4/19,,,,,,,1.0,,,,,,,,,,,,,
2021/4/20,,,,,,,6.0,,,,,,,,,,,,,
2021/4/21,,,,,,,2.0,,,,,,,,,,,,,
2021/4/24,,,,,,,1.0,,,,,,,,,,,,,
2021/4/25,,,,,,,1.0,,,,,,,,,,,,,
2021/4/26,,,,,,,2.0,,,,,,,,,,,,,
2021/4/27,2021.0,4.0,27.0,21-Apr,Tuesday,星期二,,1.0,,,,,,,,,,,,
2021/4/30,,,,,,,7.0,,,,,,,,,,,,,
2021/5/1,2021.0,5.0,1.0,21-May,Saturday,星期六,,0.0,,,,,,,,,,,,
2021/5/2,,,,,,,2.0,,,,,,,,,,,,,
2021/5/4,,,,,,,2.0,,,,,,,,,,,,,
2021/5/6,,,,,,,1.0,,,,,,,,,,,,,
2021/5/7,,,,,,,1.0,,,,,,,,,,,,,
2021/5/8,,,,,,,2.0,,,,,,,,,,,,,
2021/5/17,2021.0,5.0,17.0,21-May,Monday,星期一,,0.0,,,,,,,,,,,,
2021/5/18,2021.0,5.0,18.0,21-May,Tuesday,星期二,,,,,,,美海軍「威爾伯」號驅逐艦,,,,,,,
2021/5/20,,,,,,,4.0,,,,,,,,,,,,,
2021/5/21,,,,,,,4.0,,,,,,,,,,,,,
2021/5/22,,,,,,,4.0,,,,,,,,,,,,,
2021/5/23,,,,,,,2.0,,,,,,,,,,,,,
2021/5/24,,,,,,,2.0,,,,,,,,,,,,,
2021/5/26,,,,,,,1.0,,,,,,,,,,,,,
2021/5/28,,,,,,,1.0,,,,,,,,,,,,,
2021/6/1,2021.0,6.0,1.0,21-Jun,Tuesday,星期二,,0.0,,,,,,,,,,,,
2021/6/3,,,,,,,1.0,,,,,,,,,,,,,
2021/6/4,,,,,,,1.0,,,,,,,,,,,,,
2021/6/6,2021.0,6.0,6.0,21-Jun,Sunday,星期日,,,,,,,,,,,,,,
2021/6/14,,,,,,,1.0,,,,,,,,,,,,,
2021/6/15,,,,,,,28.0,,,,,,,,,,,,,
2021/6/16,,,,,,,1.0,,,,,,,,,,,,,
2021/6/17,,,,,,,7.0,,,,,,,,,,,,,
2021/6/18,,,,,,,1.0,,,,,,,,,,,,,
2021/6/19,,,,,,,1.0,,,,,,,,,,,,,
2021/6/20,2021.0,6.0,20.0,21-Jun,Sunday,星期日,1.0,,,,,,,,,,,,,
2021/6/22,2021.0,6.0,22.0,21-Jun,Tuesday,星期二,,,,,,,美海軍「威爾伯」號驅逐艦,,,,,,,
2021/6/26,,,,,,,1.0,,,,,,,,,,,,,
2021/7/2,,,,,,,2.0,,,,,,,,,,,,,
2021/7/3,,,,,,,1.0,,,,,,,,,,,,,
2021/7/4,,,,,,,1.0,,,,,,,,,,,,,
2021/7/7,,,,,,,1.0,,,,,,,,,,,,,
2021/7/8,,,,,,,1.0,,,,,,,,,,,,,
2021/7/12,,,,,,,2.0,,,,,,,,,,,,,
2021/7/13,,,,,,,2.0,,,,,,,,,,,,,
2021/7/14,,,,,,,1.0,,,,,,,,,,,,,
2021/7/15,,,,,,,1.0,,,,,,,,,,,,,
2021/7/21,,,,,,,1.0,,,,,,,,,,,,,
2021/7/22,,,,,,,1.0,,,,,,,,,,,,,
2021/7/25,,,,,,,1.0,,,,,,,,,,,,,
2021/7/27,,,,,,,1.0,,,,,,,,,,,,,
2021/7/28,2021.0,7.0,28.0,21-Jul,Wednesday,星期三,1.0,,,,,,美海軍「本福德」號驅逐艦,,,,,,,
2021/8/8,,,,,,,1.0,,,,,,,,,,,,,
2021/8/11,,,,,,,1.0,,,,,,,,,,,,,
2021/8/12,,,,,,,7.0,,,,,,,,,,,,,
2021/8/15,,,,,,,1.0,,,,,,,,,,,,,
2021/8/16,,,,,,,1.0,,,,,,,,,,,,,
2021/8/17,,,,,,,11.0,,,,,,,,,,,,,
2021/8/19,,,,,,,1.0,,,,,,,,,,,,,
2021/8/22,,,,,,,1.0,,,,,,,,,,,,,
2021/8/23,,,,,,,2.0,,,,,,,,,,,,,
2021/8/25,,,,,,,1.0,,,,,,,,,,,,,
2021/8/26,,,,,,,2.0,,,,,,,,,,,,,
2021/8/27,2021.0,8.0,27.0,21-Aug,Friday,星期五,2.0,0.0,,,,,美海軍「基德」號驅逐艦、美海警「門羅」號海警船,,,,,,,
2021/8/29,,,,,,,1.0,,,,,,,,,,,,,
2021/8/30,,,,,,,1.0,,,,,,,,,,,,,
2021/9/1,,,,,,,1.0,,,,,,,,,,,,,
2021/9/3,,,,,,,4.0,,,,,,,,,,,,,
2021/9/4,,,,,,,4.0,,,,,,,,,,,,,
2021/9/5,,,,,,,19.0,,,,,,,,,,,,,
2021/9/6,,,,,,,2.0,,,,,,,,,,,,,
2021/9/7,,,,,,,1.0,,,,,,,,,,,,,
2021/9/8,,,,,,,4.0,,,,,,,,,,,,,
2021/9/9,,,,,,,1.0,,,,,,,,,,,,,
2021/9/10,,,,,,,1.0,,,,,,,,,,,,,
2021/9/12,,,,,,,1.0,,,,,,,,,,,,,
2021/9/13,,,,,,,1.0,,,,,,,,,,,,,
2021/9/14,,,,,,,2.0,,,,,,,,,,,,,
2021/9/15,,,,,,,9.0,,,,,,,,,,,,,
2021/9/16,,,,,,,3.0,,,,,,,,,,,,,
2021/9/17,2021.0,9.0,17.0,21-Sep,Friday,星期五,10.0,,,,,,美海軍「巴里」號驅逐艦,,,,,,,
2021/9/19,,,,,,,4.0,,,,,,,,,,,,,
2021/9/20,,,,,,,1.0,,,,,,,,,,,,,
2021/9/22,,,,,,,2.0,,,,,,,,,,,,,
2021/9/23,,,,,,,5.0,,,,,,,,,,,,,
2021/9/24,,,,,,,3.0,,,,,,,,,,,,,
2021/9/25,,,,,,,1.0,,,,,,,,,,,,,
2021/9/26,,,,,,,2.0,,,,,,,,,,,,,
2021/9/27,,,,,,,6.0,,,,,,,,,,,,,
2021/9/28,,,,,,,2.0,,,,,,,,,,,,,
2021/9/29,,,,,,,5.0,,,,,,,,,,,,,
2021/9/30,,,,,,,1.0,,,,,,,,,,,,,
2021/10/1,,,,,,,38.0,,,,,,,,,,,,,
2021/10/2,,,,,,,39.0,,,,,,,,,,,,,
2021/10/3,2021.0,10.0,3.0,21-Oct,Sunday,星期日,16.0,,,,,,,,,,,,,
2021/10/4,,,,,,,56.0,,,,,,,,,,,,,
2021/10/5,,,,,,,1.0,,,,,,,,,,,,,
2021/10/10,2021.0,10.0,10.0,21-Oct,Sunday,星期日,3.0,,,,,,,,,,,,,
2021/10/13,2021.0,10.0,13.0,21-Oct,Wednesday,星期三,,0.0,,,,,,,,,,,,
2021/10/15,2021.0,10.0,15.0,21-Oct,Friday,星期五,,,,,,,美海軍「杜威」號驅逐艦、加海軍「溫尼伯」號護衛艦,,,,,,,
2021/10/16,,,,,,,1.0,,,,,,,,,,,,,
2021/10/17,,,,,,,3.0,,,,,,,,,,,,,
2021/10/18,,,,,,,2.0,,,,,,,,,,,,,
2021/10/19,,,,,,,5.0,,,,,,,,,,,,,
2021/10/20,,,,,,,2.0,,,,,,,,,,,,,
2021/10/21,,,,,,,4.0,,,,,,,,,,,,,
2021/10/22,,,,,,,1.0,,,,,,,,,,,,,
2021/10/24,,,,,,,1.0,,,,,,,,,,,,,
2021/10/25,,,,,,,1.0,,,,,,,,,,,,,
2021/10/26,,,,,,,7.0,,,,,,,,,,,,,
2021/10/27,,,,,,,3.0,,,,,,,,,,,,,
2021/10/28,,,,,,,2.0,,,,,,,,,,,,,
2021/10/29,,,,,,,3.0,,,,,,,,,,,,,
2021/10/31,,,,,,,9.0,,,,,,,,,,,,,
2021/11/1,,,,,,,6.0,,,,,,,,,,,,,
2021/11/2,,,,,,,1.0,,,,,,,,,,,,,
2021/11/4,,,,,,,2.0,,,,,,,,,,,,,
2021/11/5,,,,,,,1.0,,,,,,,,,,,,,
2021/11/6,,,,,,,16.0,,,,,,,,,,,,,
2021/11/7,,,,,,,4.0,,,,,,,,,,,,,
2021/11/8,,,,,,,3.0,,,,,,,,,,,,,
2021/11/9,,,,,,,6.0,,,,,,,,,,,,,
2021/11/10,,,,,,,6.0,,,,,,,,,,,,,
2021/11/11,,,,,,,4.0,,,,,,,,,,,,,
2021/11/12,,,,,,,7.0,,,,,,,,,,,,,
2021/11/13,,,,,,,3.0,,,,,,,,,,,,,
2021/11/14,,,,,,,3.0,,,,,,,,,,,,,
2021/11/15,,,,,,,7.0,,,,,,,,,,,,,
2021/11/16,,,,,,,8.0,,,,,,,,,,,,,
2021/11/17,,,,,,,4.0,,,,,,,,,,,,,
2021/11/18,,,,,,,3.0,,,,,,,,,,,,,
2021/11/19,,,,,,,3.0,,,,,,,,,,,,,
2021/11/20,,,,,,,5.0,,,,,,,,,,,,,
2021/11/21,,,,,,,9.0,,,,,,,,,,,,,
2021/11/22,,,,,,,6.0,,,,,,,,,,,,,
2021/11/23,2021.0,11.0,23.0,21-Nov,Tuesday,星期二,4.0,,,,,,美海軍「米利厄斯」號驅逐艦,,,,,,,
2021/11/24,,,,,,,5.0,,,,,,,,,,,,,
2021/11/25,,,,,,,2.0,,,,,,,,,,,,,
2021/11/26,,,,,,,8.0,,,,,,,,,,,,,
2021/11/27,,,,,,,4.0,,,,,,,,,,,,,
2021/11/28,,,,,,,27.0,,,,,,,,,,,,,
2021/11/29,,,,,,,5.0,,,,,,,,,,,,,
2021/11/30,,,,,,,4.0,,,,,,,,,,,,,
2021/12/1,,,,,,,2.0,,,,,,,,,,,,,
2021/12/2,,,,,,,3.0,,,,,,,,,,,,,
2021/12/3,,,,,,,2.0,,,,,,,,,,,,,
2021/12/4,,,,,,,2.0,,,,,,,,,,,,,
2021/12/6,,,,,,,4.0,,,,,,,,,,,,,
2021/12/7,,,,,,,9.0,,,,,,,,,,,,,
2021/12/8,,,,,,,1.0,,,,,,,,,,,,,
2021/12/9,,,,,,,5.0,,,,,,,,,,,,,
2021/12/10,,,,,,,13.0,,,,,,,,,,,,,
2021/12/11,,,,,,,2.0,,,,,,,,,,,,,
2021/12/13,,,,,,,1.0,,,,,,,,,,,,,
2021/12/14,,,,,,,5.0,,,,,,,,,,,,,
2021/12/15,2021.0,12.0,15.0,21-Dec,Wednesday,星期三,2.0,,,,,,美海軍「查菲」號驅逐艦,,,,,,,
2021/12/16,,,,,,,4.0,,,,,,,,,,,,,
2021/12/17,2021.0,12.0,17.0,21-Dec,Friday,星期五,,1.0,,,,,,,,,,,,
2021/12/18,2021.0,12.0,18.0,21-Dec,Saturday,星期六,4.0,1.0,,,,,,,,,,,,
2021/12/19,,,,,,,1.0,,,,,,,,,,,,,
2021/12/21,2021.0,12.0,21.0,21-Dec,Tuesday,星期二,,1.0,,,,,,,,,,,,
2021/12/22,,,,,,,4.0,,,,,,,,,,,,,
2021/12/23,,,,,,,4.0,,,,,,,,,,,,,
2021/12/24,,,,,,,1.0,,,,,,,,,,,,,
2021/12/25,,,,,,,1.0,,,,,,,,,,,,,
2021/12/26,2021.0,12.0,26.0,21-Dec,Sunday,星期日,,1.0,,,,,,,,,,,,
2021/12/28,,,,,,,5.0,,,,,,,,,,,,,
2021/12/29,,,,,,,5.0,,,,,,,,,,,,,
2021/12/30,,,,,,,3.0,,,,,,,,,,,,,
2021/12/31,,,,,,,3.0,,,,,,,,,,,,,
2022/1/1,,,,,,,1.0,,,,,,,,,,,,,
2022/1/2,,,,,,,1.0,,,,,,,,,,,,,
2022/1/4,,,,,,,5.0,,,,,,,,,,,,,
2022/1/5,,,,,,,2.0,,,,,,,,,,,,,
2022/1/6,,,,,,,2.0,,,,,,,,,,,,,
2022/1/7,,,,,,,6.0,,,,,,,,,,,,,
2022/1/8,,,,,,,1.0,,,,,,,,,,,,,
2022/1/10,,,,,,,9.0,,,,,,,,,,,,,
2022/1/11,,,,,,,5.0,,,,,,,,,,,,,
2022/1/12,,,,,,,2.0,,,,,,,,,,,,,
2022/1/13,,,,,,,1.0,,,,,,,,,,,,,
2022/1/14,,,,,,,11.0,,,,,,,,,,,,,
2022/1/15,,,,,,,10.0,,,,,,,,,,,,,
2022/1/17,,,,,,,3.0,,,,,,,,,,,,,
2022/1/18,,,,,,,2.0,,,,,,,,,,,,,
2022/1/19,,,,,,,5.0,,,,,,,,,,,,,
2022/1/20,,,,,,,1.0,,,,,,,,,,,,,
2022/1/22,2022.0,1.0,22.0,22-Jan,Saturday,星期六,,,,,,,美海軍「杜威」號驅逐艦,,,,,,,
2022/1/23,,,,,,,39.0,,,,,,,,,,,,,
2022/1/24,,,,,,,13.0,,,,,,,,,,,,,
2022/1/25,,,,,,,2.0,,,,,,,,,,,,,
2022/1/27,,,,,,,8.0,,,,,,,,,,,,,
2022/1/28,,,,,,,1.0,,,,,,,,,,,,,
2022/1/30,,,,,,,3.0,,,,,,,,,,,,,
2022/1/31,,,,,,,5.0,,,,,,,,,,,,,
2022/2/4,,,,,,,1.0,,,,,,,,,,,,,
2022/2/5,,,,,,,2.0,,,,,,,,,,,,,
2022/2/6,,,,,,,2.0,,,,,,,,,,,,,
2022/2/9,,,,,,,5.0,,,,,,,,,,,,,
2022/2/10,,,,,,,11.0,,,,,,,,,,,,,
2022/2/11,,,,,,,2.0,,,,,,,,,,,,,
2022/2/12,,,,,,,5.0,,,,,,,,,,,,,
2022/2/14,,,,,,,2.0,,,,,,,,,,,,,
2022/2/15,2022.0,2.0,15.0,22-Feb,Tuesday,星期二,,0.0,,,,,,,,,,,,
2022/2/16,,,,,,,3.0,,,,,,,,,,,,,
2022/2/17,,,,,,,1.0,,,,,,,,,,,,,
2022/2/18,,,,,,,4.0,,,,,,,,,,,,,
2022/2/21,2022.0,2.0,21.0,22-Feb,Monday,星期一,,,,,,,,,,,,,,
2022/2/23,,,,,,,2.0,,,,,,,,,,,,,
2022/2/24,,,,,,,9.0,,,,,,,,,,,,,
2022/2/25,,,,,,,4.0,,,,,,,,,,,,,
2022/2/26,2022.0,2.0,26.0,22-Feb,Saturday,星期六,7.0,,,,,,美海軍「拉爾夫·約翰遜」號驅逐艦,,,,,,,
2022/2/27,,,,,,,2.0,,,,,,,,,,,,,
2022/2/28,,,,,,,7.0,,,,,,,,,,,,,
2022/3/1,,,,,,,7.0,,,,,,,,,,,,,
2022/3/2,2022.0,3.0,2.0,22-Mar,Wednesday,星期三,,0.0,,,,,,,,,,,,
2022/3/4,2022.0,3.0,4.0,22-Mar,Friday,星期五,,0.0,,,,,,,,,,,,
2022/3/6,,,,,,,1.0,,,,,,,,,,,,,
2022/3/7,,,,,,,2.0,,,,,,,,,,,,,
2022/3/8,,,,,,,5.0,,,,,,,,,,,,,
2022/3/9,,,,,,,1.0,,,,,,,,,,,,,
2022/3/10,,,,,,,1.0,,,,,,,,,,,,,
2022/3/11,,,,,,,3.0,,,,,,,,,,,,,
2022/3/14,,,,,,,13.0,,,,,,,,,,,,,
2022/3/15,,,,,,,3.0,,,,,,,,,,,,,
2022/3/16,,,,,,,1.0,,,,,,,,,,,,,
2022/3/17,2022.0,3.0,17.0,22-Mar,Thursday,星期四,1.0,,,,,,美海軍「拉爾夫·約翰遜」號驅逐艦,,,,,,,
2022/3/18,,,,,,,3.0,,,,,,,,,,,,,
2022/3/19,,,,,,,4.0,,,,,,,,,,,,,
2022/3/27,,,,,,,3.0,,,,,,,,,,,,,
2022/3/29,2022.0,3.0,29.0,22-Mar,Tuesday,星期二,,0.0,,,,,,,,,,,,
2022/3/30,,,,,,,3.0,,,,,,,,,,,,,
2022/3/31,,,,,,,13.0,,,,,,,,,,,,,
2022/4/1,,,,,,,1.0,,,,,,,,,,,,,
2022/4/2,,,,,,,1.0,,,,,,,,,,,,,
2022/4/4,,,,,,,1.0,,,,,,,,,,,,,
2022/4/5,,,,,,,4.0,,,,,,,,,,,,,
2022/4/6,,,,,,,1.0,,,,,,,,,,,,,
2022/4/7,,,,,,,4.0,,,,,,,,,,,,,
2022/4/8,,,,,,,4.0,,,,,,,,,,,,,
2022/4/10,,,,,,,3.0,,,,,,,,,,,,,
2022/4/11,,,,,,,2.0,,,,,,,,,,,,,
2022/4/12,,,,,,,4.0,,,,,,,,,,,,,
2022/4/13,,,,,,,1.0,,,,,,,,,,,,,
2022/4/14,,,,,,,1.0,,,,,,,,,,,,,
2022/4/15,,,,,,,6.0,,,,,,,,,,,,,
2022/4/20,,,,,,,11.0,,,,,,,,,,,,,
2022/4/21,,,,,,,2.0,,,,,,,,,,,,,
2022/4/22,,,,,,,7.0,,,,,,,,,,,,,
2022/4/23,,,,,,,5.0,,,,,,,,,,,,,
2022/4/25,,,,,,,3.0,,,,,,,,,,,,,
2022/4/26,2022.0,4.0,26.0,22-Apr,Tuesday,星期二,2.0,0.0,,,,,美海軍「桑普森」號驅逐艦,,,,,,,
2022/4/27,,,,,,,5.0,,,,,,,,,,,,,
2022/4/28,,,,,,,5.0,,,,,,,,,,,,,
2022/4/30,,,,,,,2.0,,,,,,,,,,,,,
2022/5/2,2022.0,5.0,2.0,22-May,Monday,星期一,,1.0,,,,,,,,,,,,
2022/5/3,,,,,,,1.0,,,,,,,,,,,,,
2022/5/4,2022.0,5.0,4.0,22-May,Wednesday,星期三,3.0,1.0,,,,,,,,,,,,
2022/5/5,2022.0,5.0,5.0,22-May,Thursday,星期四,6.0,1.0,,,,,,,,,,,,
2022/5/6,2022.0,5.0,6.0,22-May,Friday,星期五,18.0,1.0,,,,,,,,,,,,
2022/5/7,2022.0,5.0,7.0,22-May,Saturday,星期六,5.0,1.0,,,,,,,,,,,,
2022/5/8,2022.0,5.0,8.0,22-May,Sunday,星期日,2.0,1.0,,,,,,,,,,,,
2022/5/9,2022.0,5.0,9.0,22-May,Monday,星期一,1.0,1.0,,,,,,,,,,,,
2022/5/10,2022.0,5.0,10.0,22-May,Tuesday,星期二,2.0,1.0,,,,,美海軍「皇家港」號巡洋艦,,,,,,,
2022/5/11,2022.0,5.0,11.0,22-May,Wednesday,星期三,1.0,1.0,,,,,,,,,,,,
2022/5/12,2022.0,5.0,12.0,22-May,Thursday,星期四,,1.0,,,,,,,,,,,,
2022/5/13,2022.0,5.0,13.0,22-May,Friday,星期五,1.0,1.0,,,,,,,,,,,,
2022/5/15,2022.0,5.0,15.0,22-May,Sunday,星期日,1.0,1.0,,,,,,,,,,,,
2022/5/16,2022.0,5.0,16.0,22-May,Monday,星期一,,1.0,,,,,,,,,,,,
2022/5/17,,,,,,,1.0,,,,,,,,,,,,,
2022/5/18,,,,,,,4.0,,,,,,,,,,,,,
2022/5/19,,,,,,,7.0,,,,,,,,,,,,,
2022/5/20,,,,,,,14.0,,,,,,,,,,,,,
2022/5/21,,,,,,,1.0,,,,,,,,,,,,,
2022/5/22,2022.0,5.0,22.0,22-May,Sunday,星期日,,1.0,,,,,,,,,,,,
2022/5/23,,,,,,,1.0,,,,,,,,,,,,,
2022/5/25,,,,,,,2.0,,,,,,,,,,,,,
2022/5/28,,,,,,,7.0,,,,,,,,,,,,,
2022/5/29,,,,,,,5.0,,,,,,,,,,,,,
2022/5/30,,,,,,,30.0,,,,,,,,,,,,,
2022/5/31,,,,,,,3.0,,,,,,,,,,,,,
2022/6/1,2022.0,6.0,1.0,22-Jun,Wednesday,星期三,,0.0,,,,,,,,,,,,
2022/6/2,,,,,,,1.0,,,,,,,,,,,,,
2022/6/3,2022.0,6.0,3.0,22-Jun,Friday,星期五,,0.0,,,,,,,,,,,,
2022/6/5,,,,,,,3.0,,,,,,,,,,,,,
2022/6/6,,,,,,,1.0,,,,,,,,,,,,,
2022/6/13,,,,,,,1.0,,,,,,,,,,,,,
2022/6/14,,,,,,,1.0,,,,,,,,,,,,,
2022/6/16,,,,,,,2.0,,,,,,,,,,,,,
2022/6/17,2022.0,6.0,17.0,22-Jun,Friday,星期五,,0.0,,,,,,,,,,,,
2022/6/18,,,,,,,3.0,,,,,,,,,,,,,
2022/6/19,,,,,,,10.0,,,,,,,,,,,,,
2022/6/20,,,,,,,1.0,,,,,,,,,,,,,
2022/6/21,,,,,,,29.0,,,,,,,,,,,,,
2022/6/22,,,,,,,6.0,,,,,,,,,,,,,
2022/6/23,,,,,,,22.0,,,,,,,,,,,,,
2022/6/24,2022.0,6.0,24.0,22-Jun,Friday,星期五,,0.0,,,,,,,,,,,,
2022/6/26,,,,,,,1.0,,,,,,,,,,,,,
2022/6/27,,,,,,,1.0,,,,,,,,,,,,,
2022/6/28,,,,,,,2.0,,,,,,,,,,,,,
2022/6/29,,,,,,,1.0,,,,,,,,,,,,,
2022/6/30,2022.0,6.0,30.0,22-Jun,Thursday,星期四,,0.0,,,,,,,,,,,,
2022/7/5,2022.0,7.0,5.0,22-Jul,Tuesday,星期二,,0.0,,,,,,,,,,,,
2022/7/7,,,,,,,1.0,,,,,,,,,,,,,
2022/7/8,2022.0,7.0,8.0,22-Jul,Friday,星期五,9.0,1.0,,,,,,,,,,,,
2022/7/9,,,,,,,5.0,,,,,,,,,,,,,
2022/7/10,,,,,,,2.0,,,,,,,,,,,,,
2022/7/11,,,,,,,3.0,,,,,,,,,,,,,
2022/7/12,,,,,,,4.0,,,,,,,,,,,,,
2022/7/13,,,,,,,1.0,,,,,,,,,,,,,
2022/7/15,,,,,,,10.0,,,,,,,,,,,,,
2022/7/17,,,,,,,1.0,,,,,,,,,,,,,
2022/7/18,,,,,,,2.0,,,,,,,,,,,,,
2022/7/19,2022.0,7.0,19.0,22-Jul,Tuesday,星期二,1.0,,,,,,美海軍「本福德」號驅逐艦,,,,,,,
2022/7/20,,,,,,,3.0,,,,,,,,,,,,,
2022/7/21,,,,,,,1.0,,,,,,,,,,,,,
2022/7/22,,,,,,,6.0,,,,,,,,,,,,,
2022/7/23,,,,,,,4.0,,,,,,,,,,,,,
2022/7/24,,,,,,,4.0,,,,,,,,,,,,,
2022/7/25,,,,,,,2.0,,,,,,,,,,,,,
2022/7/26,,,,,,,3.0,,,,,,,,,,,,,
2022/7/27,,,,,,,3.0,,,,,,,,,,,,,
2022/7/28,,,,,,,3.0,,,,,,,,,,,,,
2022/7/29,,,,,,,1.0,,,,,,,,,,,,,
2022/7/30,,,,,,,1.0,,,,,,,,,,,,,
2022/8/1,,,,,,,4.0,,,,,,,,,,,,,
2022/8/2,2022.0,8.0,2.0,22-Aug,Tuesday,星期二,,0.0,US,TW,美國眾議院議長裴洛西 (Nancy Pelosi) 訪台,美國政治聲嚀：我們代表團訪問台灣，是為了兌現美國支持台灣充滿活力的民主的堅定承諾。美國與2300萬台灣人民的團結在今天比以往任何時候都更加重要。中共政治聲明：中國提出強烈抗議——裴洛西的訪問嚴重損害台海和平穩定，嚴重衝擊中美關係政治基礎，嚴重侵犯中國主權和領土完整 [33,,,,,,,,
2022/8/3,2022.0,8.0,3.0,22-Aug,Wednesday,星期三,49.0,0.0,US,TW,,美國政治聲明：白宮稱裴洛西訪台未改變美國政策，是中共「製造了危機」 。,,,,,,,,
2022/8/4,2022.0,8.0,4.0,22-Aug,Thursday,星期四,22.0,0.0,US,CN,裴洛西離台 ,中共政治聲明：中共宣布演習，包括發射導彈飛越台灣上空 ，並暫停與美國在八個領域的對話 。台灣政治聲明：蔡英文總統稱台灣「不會退縮」，但也「不會升高衝突，不會挑起爭端」 ,,,,,,,,
2022/8/5,,,,,,,49.0,,,,,,,,,,,,,
2022/8/6,,,,,,,20.0,,,,,,,,,,,,,
2022/8/7,,,,,,,66.0,,,,,,,,,,,,,
2022/8/8,,,,,,,39.0,,,,,,,,,,,,,
2022/8/9,,,,,,,45.0,,,,,,,,,,,,,
2022/8/11,,,,,,,21.0,,,,,,,,,,,,,
2022/8/12,,,,,,,24.0,,,,,,,,,,,,,
2022/8/13,,,,,,,29.0,,,,,,,,,,,,,
2022/8/14,,,,,,,22.0,,,,,,,,,,,,,
2022/8/15,,,,,,,30.0,,,,,,,,,,,,,
2022/8/16,,,,,,,17.0,,,,,,,,,,,,,
2022/8/17,,,,,,,21.0,,,,,,,,,,,,,
2022/8/18,,,,,,,51.0,,,,,,,,,,,,,
2022/8/19,,,,,,,17.0,,,,,,,,,,,,,
2022/8/20,,,,,,,17.0,,,,,,,,,,,,,
2022/8/21,,,,,,,12.0,,,,,,,,,,,,,
2022/8/22,,,,,,,15.0,,,,,,,,,,,,,
2022/8/23,,,,,,,20.0,,,,,,,,,,,,,
2022/8/24,,,,,,,13.0,,,,,,,,,,,,,
2022/8/25,,,,,,,15.0,,,,,,,,,,,,,
2022/8/26,,,,,,,35.0,,,,,,,,,,,,,
2022/8/27,,,,,,,21.0,,,,,,,,,,,,,
2022/8/28,2022.0,8.0,28.0,22-Aug,Sunday,星期日,23.0,,,,,,美海軍「安提坦」號與「錢斯洛斯維爾」號巡洋艦,,,,,,,
2022/8/29,,,,,,,37.0,,,,,,,,,,,,,
2022/8/30,,,,,,,24.0,,,,,,,,,,,,,
2022/8/31,,,,,,,62.0,,,,,,,,,,,,,
2022/9/1,,,,,,,53.0,,,,,,,,,,,,,
2022/9/2,,,,,,,19.0,,,,,,,,,,,,,
2022/9/3,,,,,,,4.0,,,,,,,,,,,,,
2022/9/4,,,,,,,7.0,,,,,,,,,,,,,
2022/9/5,,,,,,,17.0,,,,,,,,,,,,,
2022/9/6,,,,,,,8.0,,,,,,,,,,,,,
2022/9/7,,,,,,,12.0,,,,,,,,,,,,,
2022/9/8,,,,,,,45.0,,,,,,,,,,,,,
2022/9/9,,,,,,,12.0,,,,,,,,,,,,,
2022/9/10,,,,,,,43.0,,,,,,,,,,,,,
2022/9/11,,,,,,,8.0,,,,,,,,,,,,,
2022/9/12,,,,,,,7.0,,,,,,,,,,,,,
2022/9/13,,,,,,,11.0,,,,,,,,,,,,,
2022/9/14,,,,,,,24.0,,,,,,,,,,,,,
2022/9/15,,,,,,,26.0,,,,,,,,,,,,,
2022/9/16,,,,,,,43.0,,,,,,,,,,,,,
2022/9/17,,,,,,,20.0,,,,,,,,,,,,,
2022/9/18,2022.0,9.0,18.0,22-Sep,Sunday,星期日,8.0,,US,TW,,2022年9月18日美國總統拜登接受美國哥倫比亞廣播公司 (CBS) 訪問時，第四度公開表態，若中共武力犯臺，美國將堅定協防臺灣的立場。,,,,,,,,
2022/9/19,,,,,,,9.0,,,,,,,,,,,,,
2022/9/20,2022.0,9.0,20.0,22-Sep,Tuesday,星期二,24.0,,,,,,美海軍「希金斯」號驅逐艦、加海軍「溫哥華」號護衛艦,,,,,,,
2022/9/21,,,,,,,38.0,,,,,,,,,,,,,
2022/9/22,,,,,,,13.0,,,,,,,,,,,,,
2022/9/23,,,,,,,20.0,,,,,,,,,,,,,
2022/9/24,,,,,,,16.0,,,,,,,,,,,,,
2022/9/25,,,,,,,15.0,,,,,,,,,,,,,
2022/9/26,,,,,,,12.0,,,,,,,,,,,,,
2022/9/27,,,,,,,11.0,,,,,,,,,,,,,
2022/9/28,,,,,,,31.0,,,,,,,,,,,,,
2022/9/29,,,,,,,11.0,,,,,,,,,,,,,
2022/9/30,,,,,,,8.0,,,,,,,,,,,,,
2022/10/1,,,,,,,8.0,,,,,,,,,,,,,
2022/10/2,,,,,,,22.0,,,,,,,,,,,,,
2022/10/3,,,,,,,14.0,,,,,,,,,,,,,
2022/10/4,,,,,,,9.0,,,,,,,,,,,,,
2022/10/5,,,,,,,33.0,,,,,,,,,,,,,
2022/10/6,,,,,,,9.0,,,,,,,,,,,,,
2022/10/7,,,,,,,8.0,,,,,,,,,,,,,
2022/10/8,,,,,,,6.0,,,,,,,,,,,,,
2022/10/9,,,,,,,12.0,,,,,,,,,,,,,
2022/10/10,,,,,,,26.0,,,,,,,,,,,,,
2022/10/11,,,,,,,11.0,,,,,,,,,,,,,
2022/10/12,,,,,,,15.0,,,,,,,,,,,,,
2022/10/13,,,,,,,13.0,,,,,,,,,,,,,
2022/10/14,,,,,,,23.0,,,,,,,,,,,,,
2022/10/15,,,,,,,11.0,,,,,,,,,,,,,
2022/10/16,2022.0,10.0,16.0,22-Oct,Sunday,星期日,,,TW,CN,,台灣政府對習近平二十大報告的回應台灣政治聲明：中華民國（台灣）是一個主權獨立的國家。台灣的立場是堅定的：國家主權不退讓，自由民主不妥協，「兵戎相見絕對不是兩岸的選項」。,,,,,,,,
2022/10/16,2022.0,10.0,16.0,22-Oct,Sunday,星期日,,,CN,TW,,習近平在中共二十大的報告（北京）中共政治聲明：我們堅持以最大誠意、盡最大努力爭取和平統一的前景，但絕不承諾放棄使用武力，保留採取一切必要措施的選項。,,,,,,,,
2022/10/17,,,,,,,4.0,,,,,,,,,,,,,
2022/10/18,,,,,,,11.0,,,,,,,,,,,,,
2022/10/19,,,,,,,11.0,,,,,,,,,,,,,
2022/10/20,,,,,,,20.0,,,,,,,,,,,,,
2022/10/21,,,,,,,22.0,,,,,,,,,,,,,
2022/10/22,,,,,,,9.0,,,,,,,,,,,,,
2022/10/23,,,,,,,9.0,,,,,,,,,,,,,
2022/10/24,,,,,,,10.0,,,,,,,,,,,,,
2022/10/25,,,,,,,16.0,,,,,,,,,,,,,
2022/10/26,,,,,,,22.0,,,,,,,,,,,,,
2022/10/27,,,,,,,20.0,,,,,,,,,,,,,
2022/10/28,,,,,,,13.0,,,,,,,,,,,,,
2022/10/29,,,,,,,25.0,,,,,,,,,,,,,
2022/10/30,,,,,,,8.0,,,,,,,,,,,,,
2022/11/1,,,,,,,8.0,,,,,,,,,,,,,
2022/11/2,,,,,,,6.0,,,,,,,,,,,,,
2022/11/3,,,,,,,9.0,,,,,,,,,,,,,
2022/11/4,,,,,,,27.0,,,,,,,,,,,,,
2022/11/5,,,,,,,9.0,,,,,,,,,,,,,
2022/11/6,,,,,,,46.0,,,,,,,,,,,,,
2022/11/7,,,,,,,63.0,,,,,,,,,,,,,
2022/11/8,,,,,,,21.0,,,,,,,,,,,,,
2022/11/9,,,,,,,18.0,,,,,,,,,,,,,
2022/11/10,,,,,,,26.0,,,,,,,,,,,,,
2022/11/11,,,,,,,14.0,,,,,,,,,,,,,
2022/11/12,,,,,,,36.0,,,,,,,,,,,,,
2022/11/13,,,,,,,5.0,,,,,,,,,,,,,
2022/11/14,2022.0,11.0,14.0,22-Nov,Monday,星期一,,0.0,,,,,,,,,,,,
2022/11/18,2022.0,11.0,18.0,22-Nov,Friday,星期五,,,,,,,美海軍「本福德」號驅逐艦,,,,,,,
2022/11/19,,,,,,,10.0,,,,,,,,,,,,,
2022/11/20,,,,,,,12.0,,,,,,,,,,,,,
2022/11/21,,,,,,,17.0,,,,,,,,,,,,,
2022/11/22,,,,,,,3.0,,,,,,,,,,,,,
2022/11/23,,,,,,,7.0,,,,,,,,,,,,,
2022/11/24,,,,,,,6.0,,,,,,,,,,,,,
2022/11/25,,,,,,,11.0,,,,,,,,,,,,,
2022/11/26,,,,,,,8.0,,,,,,,,,,,,,
2022/11/27,,,,,,,9.0,,,,,,,,,,,,,
2022/11/29,,,,,,,13.0,,,,,,,,,,,,,
2022/11/30,,,,,,,5.0,,,,,,,,,,,,,
2022/12/1,,,,,,,19.0,,,,,,,,,,,,,
2022/12/2,,,,,,,14.0,,,,,,,,,,,,,
2022/12/3,,,,,,,25.0,,,,,,,,,,,,,
2022/12/5,,,,,,,20.0,,,,,,,,,,,,,
2022/12/6,,,,,,,17.0,,,,,,,,,,,,,
2022/12/7,,,,,,,27.0,,,,,,,,,,,,,
2022/12/8,,,,,,,24.0,,,,,,,,,,,,,
2022/12/9,2022.0,12.0,9.0,22-Dec,Friday,星期五,,,,,,,,,,,,,,
2022/12/10,,,,,,,13.0,,,,,,,,,,,,,
2022/12/11,,,,,,,8.0,,,,,,,,,,,,,
2022/12/12,,,,,,,29.0,,,,,,,,,,,,,
2022/12/13,,,,,,,11.0,,,,,,,,,,,,,
2022/12/14,,,,,,,9.0,,,,,,,,,,,,,
2022/12/15,,,,,,,13.0,,,,,,,,,,,,,
2022/12/16,2022.0,12.0,16.0,22-Dec,Friday,星期五,2.0,1.0,,,,,,,,,,,,
2022/12/17,,,,,,,4.0,,,,,,,,,,,,,
2022/12/18,2022.0,12.0,18.0,22-Dec,Sunday,星期日,17.0,1.0,,,,,,,,,,,,
2022/12/19,,,,,,,13.0,,,,,,,,,,,,,
2022/12/20,,,,,,,11.0,,,,,,,,,,,,,
2022/12/21,2022.0,12.0,21.0,22-Dec,Wednesday,星期三,39.0,1.0,,,,,,,,,,,,
2022/12/22,,,,,,,9.0,,,,,,,,,,,,,
2022/12/23,2022.0,12.0,23.0,22-Dec,Friday,星期五,,1.0,,,,,,,,,,,,
2022/12/25,,,,,,,71.0,,,,,,,,,,,,,
2022/12/26,,,,,,,6.0,,,,,,,,,,,,,
2022/12/27,,,,,,,11.0,,,,,,,,,,,,,
2022/12/28,2022.0,12.0,28.0,22-Dec,Wednesday,星期三,,1.0,,,,,,,,,,,,
2022/12/29,,,,,,,9.0,,,,,,,,,,,,,
2022/12/30,,,,,,,9.0,,,,,,,,,,,,,
2022/12/31,,,,,,,24.0,,,,,,,,,,,,,
2023/1/1,,,,,,,8.0,,,,,,,,,,,,,
2023/1/2,2023.0,1.0,2.0,23-Jan,Monday,星期一,1.0,1.0,,,,,,,,,,,,
2023/1/3,,,,,,,10.0,,,,,,,,,,,,,
2023/1/4,,,,,,,12.0,,,,,,,,,,,,,
2023/1/5,2023.0,1.0,5.0,23-Jan,Thursday,星期四,,,,,,,美國海軍鍾雲號驅逐艦通過,,,,,,,
2023/1/5,2023.0,1.0,5.0,23-Jan,Thursday,星期四,,,,,,,美國海軍鍾雲號驅逐艦通過,,,,,,,
2023/1/6,,,,,,,22.0,,,,,,,,,,,,,
2023/1/7,,,,,,,6.0,,,,,,,,,,,,,
2023/1/8,,,,,,,57.0,,,,,,,,,,,,,
2023/1/9,,,,,,,11.0,,,,,,,,,,,,,
2023/1/10,,,,,,,8.0,,,,,,,,,,,,,
2023/1/11,,,,,,,15.0,,,,,,,,,,,,,
2023/1/12,,,,,,,7.0,,,,,,,,,,,,,
2023/1/13,,,,,,,1.0,,,,,,,,,,,,,
2023/1/14,,,,,,,6.0,,,,,,,,,,,,,
2023/1/15,,,,,,,4.0,,,,,,,,,,,,,
2023/1/16,,,,,,,8.0,,,,,,,,,,,,,
2023/1/17,,,,,,,18.0,,,,,,,,,,,,,
2023/1/19,,,,,,,31.0,,,,,,,,,,,,,
2023/1/20,2023.0,1.0,20.0,23-Jan,Friday,星期五,14.0,1.0,,,,,,,,,,,,
2023/1/22,,,,,,,9.0,,,,,,,,,,,,,
2023/1/23,,,,,,,1.0,,,,,,,,,,,,,
2023/1/24,,,,,,,4.0,,,,,,,,,,,,,
2023/1/25,,,,,,,2.0,,,,,,,,,,,,,
2023/1/26,,,,,,,7.0,,,,,,,,,,,,,
2023/1/27,,,,,,,3.0,,,,,,,,,,,,,
2023/1/28,,,,,,,8.0,,,,,,,,,,,,,
2023/1/29,,,,,,,6.0,,,,,,,,,,,,,
2023/1/30,,,,,,,9.0,,,,,,,,,,,,,
2023/1/31,,,,,,,34.0,,,,,,,,,,,,,
2023/2/1,,,,,,,23.0,,,,,,,,,,,,,
2023/2/2,,,,,,,14.0,,,,,,,,,,,,,
2023/2/3,,,,,,,8.0,,,,,,,,,,,,,
2023/2/4,,,,,,,6.0,,,,,,,,,,,,,
2023/2/6,,,,,,,5.0,,,,,,,,,,,,,
2023/2/7,,,,,,,9.0,,,,,,,,,,,,,
2023/2/8,,,,,,,8.0,,,,,,,,,,,,,
2023/2/10,,,,,,,5.0,,,,,,,,,,,,,
2023/2/11,,,,,,,2.0,,,,,,,,,,,,,
2023/2/12,,,,,,,18.0,,,,,,,,,,,,,
2023/2/13,,,,,,,8.0,,,,,,,,,,,,,
2023/2/14,,,,,,,6.0,,,,,,,,,,,,,
2023/2/15,,,,,,,18.0,,,,,,,,,,,,,
2023/2/16,,,,,,,12.0,,,,,,,,,,,,,
2023/2/17,,,,,,,24.0,,,,,,,,,,,,,
2023/2/18,,,,,,,8.0,,,,,,,,,,,,,
2023/2/19,,,,,,,6.0,,,,,,,,,,,,,
2023/2/20,,,,,,,11.0,,,,,,,,,,,,,
2023/2/21,,,,,,,11.0,,,,,,,,,,,,,
2023/2/22,2023.0,2.0,22.0,23-Feb,Wednesday,星期三,13.0,,TW,US,台灣外交部長吳釗燮、國安會秘書長顧立雄在 AIT 華盛頓總部會晤美國副國務卿雪蔓 (Wendy Sherman) 等高官,,,,,,,,,
2023/2/23,,,,,,,37.0,,,,,,,,,,,,,
2023/2/24,,,,,,,9.0,,,,,,,,,,,,,
2023/2/25,,,,,,,10.0,,,,,,,,,,,,,
2023/2/26,,,,,,,4.0,,,,,,,,,,,,,
2023/2/27,,,,,,,14.0,,,,,,,,,,,,,
2023/2/28,,,,,,,25.0,,,,,,,,,,,,,
2023/3/1,,,,,,,29.0,,,,,,,,,,,,,
2023/3/2,2023.0,3.0,2.0,23-Mar,Thursday,星期四,9.0,0.0,TW,US,,台灣政治聲明：台灣外交部感謝美國履行《台灣關係法》和「六項保證」的安全承諾，並矢志深化台美安全夥伴關係，維護台海和平穩定。,,,,,,,,
2023/3/3,,,,,,,24.0,,,,,,,,,,,,,
2023/3/4,,,,,,,13.0,,,,,,,,,,,,,
2023/3/5,,,,,,,10.0,,,,,,,,,,,,,
2023/3/6,,,,,,,5.0,,,,,,,,,,,,,
2023/3/7,,,,,,,7.0,,,,,,,,,,,,,
2023/3/8,,,,,,,11.0,,,,,,,,,,,,,
2023/3/9,,,,,,,15.0,,,,,,,,,,,,,
2023/3/10,,,,,,,11.0,,,,,,,,,,,,,
2023/3/11,,,,,,,7.0,,,,,,,,,,,,,
2023/3/12,,,,,,,7.0,,,,,,,,,,,,,
2023/3/13,,,,,,,5.0,,,,,,,,,,,,,
2023/3/14,,,,,,,28.0,,,,,,,,,,,,,
2023/3/16,,,,,,,15.0,,,,,,,,,,,,,
2023/3/17,,,,,,,26.0,,,,,,,,,,,,,
2023/3/18,,,,,,,6.0,,,,,,,,,,,,,
2023/3/19,,,,,,,10.0,,,,,,,,,,,,,
2023/3/20,,,,,,,10.0,,,,,,,,,,,,,
2023/3/21,,,,,,,9.0,,,,,,,,,,,,,
2023/3/22,,,,,,,8.0,,,,,,,,,,,,,
2023/3/23,,,,,,,6.0,,,,,,,,,,,,,
2023/3/24,,,,,,,1.0,,,,,,,,,,,,,
2023/3/27,,,,,,,9.0,,,,,,,,,,,,,
2023/3/28,,,,,,,16.0,,,,,,,,,,,,,
2023/3/30,,,,,,,2.0,,,,,,,,,,,,,
2023/3/31,,,,,,,18.0,,,,,,,,,,,,,
2023/4/1,,,,,,,10.0,,,,,,,,,,,,,
2023/4/2,,,,,,,5.0,,,,,,,,,,,,,
2023/4/3,,,,,,,20.0,,,,,,,,,,,,,
2023/4/4,,,,,,,14.0,,,,,,,,,,,,,
2023/4/5,2023.0,4.0,5.0,23-Apr,Wednesday,星期三,1.0,0.0,TW,US,台灣總統蔡英文在美國加州「過境」，於雷根圖書館會晤美國眾議院議長麥卡錫 (Kevin McCarthy) ,美國政治聲明：麥卡錫稱美台關係「比我一生中任何時候都更強大」 。拜登政府稱過境是「例行公事」 。台灣政治聲明：蔡英文引用雷根名言，稱「民主正處於威脅之下」 。中共政治聲明：中國外交部譴責此次會晤嚴重違反「一個中國」原則，並誓言採取「堅決有力措施」捍衛中國主權。,,,,,,,,
2023/4/6,2023.0,4.0,6.0,23-Apr,Thursday,星期四,2.0,1.0,Tw,US,,蔡英文會晤美國眾議院議長麥卡錫，中共宣布 3 天環台軍演。,,,,,,,,
2023/4/7,2023.0,4.0,7.0,23-Apr,Friday,星期五,13.0,,Tw,US,,蔡英文會晤美國眾議院議長麥卡錫，中共宣布 3 天環台軍演。,,,,,,,,
2023/4/8,2023.0,4.0,8.0,23-Apr,Saturday,星期六,71.0,,Tw,US,,蔡英文會晤美國眾議院議長麥卡錫，中共宣布 3 天環台軍演。,,,,,,,,
2023/4/8,2023.0,4.0,8.0,23-Apr,Saturday,星期六,71.0,,CN,TW,,中共政治聲明：中共宣布演習為「圍台戰備警巡」並制裁雷根圖書館與哈德遜研究所 。,,,,,,,,
2023/4/8,2023.0,4.0,8.0,23-Apr,Saturday,星期六,71.0,,CN,TW,,中共政治聲明：中共宣布演習為「圍台戰備警巡」並制裁雷根圖書館與哈德遜研究所 。,,,,,,,,
2023/4/9,2023.0,4.0,9.0,23-Apr,Sunday,星期日,70.0,,Tw,US,,蔡英文會晤美國眾議院議長麥卡錫，中共宣布 3 天環台軍演。,,,,,,,,
2023/4/10,2023.0,4.0,10.0,23-Apr,Monday,星期一,91.0,1.0,Tw,US,,蔡英文會晤美國眾議院議長麥卡錫，中共宣布 3 天環台軍演。,,,,,,,,
2023/4/10,2023.0,4.0,10.0,23-Apr,Monday,星期一,91.0,1.0,Tw,US,,美國政治聲明：國安會發言人柯比重申美國的「一個中國」政策不變，美國不支持台灣獨立，並反對任何一方以武力片面改變現狀。,,,,,,,,
2023/4/11,2023.0,4.0,11.0,23-Apr,Tuesday,星期二,35.0,,Tw,US,,蔡英文會晤美國眾議院議長麥卡錫，中共宣布 3 天環台軍演。,,,,,,,,
2023/4/12,,,,,,,26.0,,,,,,,,,,,,,
2023/4/13,,,,,,,4.0,,,,,,,,,,,,,
2023/4/14,,,,,,,8.0,,,,,,,,,,,,,
2023/4/15,,,,,,,15.0,,,,,,,,,,,,,
2023/4/16,2023.0,4.0,16.0,23-Apr,Sunday,星期日,18.0,,,,,,美國海軍米利厄斯驅逐艦通過,,,,,,,
2023/4/17,2023.0,4.0,17.0,23-Apr,Monday,星期一,12.0,1.0,,,,,,,,,,,,
2023/4/18,2023.0,4.0,18.0,23-Apr,Tuesday,星期二,2.0,1.0,,,,,,,,,,,,
2023/4/20,,,,,,,19.0,,,,,,,,,,,,,
2023/4/21,,,,,,,12.0,,,,,,,,,,,,,
2023/4/22,,,,,,,4.0,,,,,,,,,,,,,
2023/4/23,,,,,,,13.0,,,,,,,,,,,,,
2023/4/24,2023.0,4.0,24.0,23-Apr,Monday,星期一,,1.0,,,,,,,,,,,,
2023/4/25,2023.0,4.0,25.0,23-Apr,Tuesday,星期二,6.0,1.0,,,,,,,,,,,,
2023/4/26,,,,,,,12.0,,,,,,,,,,,,,
2023/4/27,,,,,,,38.0,,,,,,,,,,,,,
2023/4/28,,,,,,,17.0,,,,,,,,,,,,,
2023/4/29,,,,,,,10.0,,,,,,,,,,,,,
2023/4/30,,,,,,,7.0,,,,,,,,,,,,,
2023/5/1,,,,,,,14.0,,,,,,,,,,,,,
2023/5/2,,,,,,,27.0,,,,,,,,,,,,,
2023/5/3,,,,,,,16.0,,,,,,,,,,,,,
2023/5/4,,,,,,,10.0,,,,,,,,,,,,,
2023/5/5,,,,,,,7.0,,,,,,,,,,,,,
2023/5/6,,,,,,,9.0,,,,,,,,,,,,,
2023/5/8,,,,,,,7.0,,,,,,,,,,,,,
2023/5/9,,,,,,,20.0,,,,,,,,,,,,,
2023/5/10,,,,,,,12.0,,,,,,,,,,,,,
2023/5/11,,,,,,,32.0,,,,,,,,,,,,,
2023/5/12,,,,,,,10.0,,,,,,,,,,,,,
2023/5/13,,,,,,,11.0,,,,,,,,,,,,,
2023/5/14,,,,,,,6.0,,,,,,,,,,,,,
2023/5/15,,,,,,,25.0,,,,,,,,,,,,,
2023/5/16,,,,,,,9.0,,,,,,,,,,,,,
2023/5/17,,,,,,,1.0,,,,,,,,,,,,,
2023/5/18,2023.0,5.0,18.0,23-May,Thursday,星期四,,0.0,,,,,,,,,,,,
2023/5/19,,,,,,,4.0,,,,,,,,,,,,,
2023/5/20,,,,,,,24.0,,,,,,,,,,,,,
2023/5/21,,,,,,,1.0,,,,,,,,,,,,,
2023/5/22,,,,,,,2.0,,,,,,,,,,,,,
2023/5/23,,,,,,,6.0,,,,,,,,,,,,,
2023/5/24,,,,,,,7.0,,,,,,,,,,,,,
2023/5/25,,,,,,,21.0,,,,,,,,,,,,,
2023/5/26,,,,,,,33.0,,,,,,,,,,,,,
2023/5/27,,,,,,,8.0,,,,,,,,,,,,,
2023/5/28,,,,,,,9.0,,,,,,,,,,,,,
2023/5/29,,,,,,,13.0,,,,,,,,,,,,,
2023/5/30,,,,,,,7.0,,,,,,,,,,,,,
2023/5/31,,,,,,,4.0,,,,,,,,,,,,,
2023/6/1,2023.0,6.0,1.0,23-Jun,Thursday,星期四,10.0,,,,,,,,,,,,,
2023/6/2,,,,,,,9.0,,,,,,,,,,,,,
2023/6/3,2023.0,6.0,3.0,23-Jun,Saturday,星期六,15.0,,,,,,美國海軍鍾雲號驅逐艦、蒙特利爾號通過,,,,,,,
2023/6/4,,,,,,,8.0,,,,,,,,,,,,,
2023/6/5,,,,,,,10.0,,,,,,,,,,,,,
2023/6/6,,,,,,,7.0,,,,,,,,,,,,,
2023/6/7,,,,,,,12.0,,,,,,,,,,,,,
2023/6/8,,,,,,,37.0,,,,,,,,,,,,,
2023/6/9,,,,,,,5.0,,,,,,,,,,,,,
2023/6/10,,,,,,,4.0,,,,,,,,,,,,,
2023/6/11,,,,,,,24.0,,,,,,,,,,,,,
2023/6/12,,,,,,,4.0,,,,,,,,,,,,,
2023/6/13,,,,,,,12.0,,,,,,,,,,,,,
2023/6/14,,,,,,,7.0,,,,,,,,,,,,,
2023/6/15,,,,,,,5.0,,,,,,,,,,,,,
2023/6/16,,,,,,,13.0,,,,,,,,,,,,,
2023/6/17,,,,,,,1.0,,,,,,,,,,,,,
2023/6/18,,,,,,,9.0,,,,,,,,,,,,,
2023/6/19,,,,,,,12.0,,,,,,,,,,,,,
2023/6/20,,,,,,,19.0,,,,,,,,,,,,,
2023/6/21,2023.0,6.0,21.0,23-Jun,Wednesday,星期三,29.0,,,,,,美國海巡斯特拉頓號巡邏艦通過,,,,,,,
2023/6/21,2023.0,6.0,21.0,23-Jun,Wednesday,星期三,29.0,,,,,,美國海巡斯特拉頓號巡邏艦通過,,,,,,,
2023/6/22,,,,,,,9.0,,,,,,,,,,,,,
2023/6/23,,,,,,,8.0,,,,,,,,,,,,,
2023/6/24,,,,,,,21.0,,,,,,,,,,,,,
2023/6/25,,,,,,,9.0,,,,,,,,,,,,,
2023/6/26,,,,,,,8.0,,,,,,,,,,,,,
2023/6/27,,,,,,,11.0,,,,,,,,,,,,,
2023/6/28,,,,,,,14.0,,,,,,,,,,,,,
2023/6/29,,,,,,,9.0,,,,,,,,,,,,,
2023/6/30,,,,,,,26.0,,,,,,,,,,,,,
2023/7/1,,,,,,,5.0,,,,,,,,,,,,,
2023/7/2,,,,,,,12.0,,,,,,,,,,,,,
2023/7/3,,,,,,,17.0,,,,,,,,,,,,,
2023/7/4,,,,,,,26.0,,,,,,,,,,,,,
2023/7/5,,,,,,,10.0,,,,,,,,,,,,,
2023/7/7,,,,,,,13.0,,,,,,,,,,,,,
2023/7/8,,,,,,,10.0,,,,,,,,,,,,,
2023/7/9,,,,,,,4.0,,,,,,,,,,,,,
2023/7/10,,,,,,,11.0,,,,,,,,,,,,,
2023/7/11,,,,,,,38.0,,,,,,,,,,,,,
2023/7/12,,,,,,,33.0,,,,,,,,,,,,,
2023/7/13,,,,,,,30.0,,,,,,,,,,,,,
2023/7/14,2023.0,7.0,14.0,23-Jul,Friday,星期五,15.0,1.0,,,,,,,,,,,,
2023/7/15,,,,,,,10.0,,,,,,,,,,,,,
2023/7/16,,,,,,,11.0,,,,,,,,,,,,,
2023/7/17,,,,,,,4.0,,,,,,,,,,,,,
2023/7/18,,,,,,,10.0,,,,,,,,,,,,,
2023/7/19,,,,,,,10.0,,,,,,,,,,,,,
2023/7/20,,,,,,,26.0,,,,,,,,,,,,,
2023/7/21,,,,,,,37.0,,,,,,,,,,,,,
2023/7/22,,,,,,,10.0,,,,,,,,,,,,,
2023/7/23,,,,,,,11.0,,,,,,,,,,,,,
2023/7/24,,,,,,,25.0,,,,,,,,,,,,,
2023/7/29,2023.0,7.0,29.0,23-Jul,Saturday,星期六,,,,,,,,,,,,,,
2023/7/30,,,,,,,13.0,,,,,,,,,,,,,
2023/7/31,,,,,,,5.0,,,,,,,,,,,,,
2023/8/2,,,,,,,15.0,,,,,,,,,,,,,
2023/8/3,2023.0,8.0,3.0,23-Aug,Thursday,星期四,14.0,,CN,TW,台灣副總統賴清德計畫過境紐約和舊金山前往巴拉圭,中共政治聲明：中國外交部敦促美國取消賴清德的訪問，「堅決反對」任何形式的美台官方互動，並威脅將採取「堅決有力措施」捍衛中國領土完整。,,,,,,,,
2023/8/4,,,,,,,6.0,,,,,,,,,,,,,
2023/8/5,,,,,,,9.0,,,,,,,,,,,,,
2023/8/6,,,,,,,24.0,,,,,,,,,,,,,
2023/8/7,,,,,,,11.0,,,,,,,,,,,,,
2023/8/8,,,,,,,11.0,,,,,,,,,,,,,
2023/8/9,,,,,,,33.0,,,,,,,,,,,,,
2023/8/10,,,,,,,2.0,,,,,,,,,,,,,
2023/8/11,,,,,,,9.0,,,,,,,,,,,,,
2023/8/12,,,,,,,7.0,,,,,,,,,,,,,
2023/8/14,,,,,,,18.0,,,,,,,,,,,,,
2023/8/15,,,,,,,16.0,,,,,,,,,,,,,
2023/8/16,,,,,,,10.0,,,,,,,,,,,,,
2023/8/17,,,,,,,7.0,,,,,,,,,,,,,
2023/8/18,,,,,,,9.0,,,,,,,,,,,,,
2023/8/19,,,,,,,45.0,,,,,,,,,,,,,
2023/8/20,,,,,,,2.0,,,,,,,,,,,,,
2023/8/21,,,,,,,15.0,,,,,,,,,,,,,
2023/8/22,,,,,,,6.0,,,,,,,,,,,,,
2023/8/23,,,,,,,7.0,,,,,,,,,,,,,
2023/8/24,,,,,,,14.0,,,,,,,,,,,,,
2023/8/25,,,,,,,32.0,,,,,,,,,,,,,
2023/8/26,,,,,,,8.0,,,,,,,,,,,,,
2023/8/27,,,,,,,11.0,,,,,,,,,,,,,
2023/8/28,,,,,,,11.0,,,,,,,,,,,,,
2023/8/29,,,,,,,32.0,,,,,,,,,,,,,
2023/8/30,,,,,,,12.0,,,,,,,,,,,,,
2023/8/31,,,,,,,4.0,,,,,,,,,,,,,
2023/9/1,,,,,,,6.0,,,,,,,,,,,,,
2023/9/2,,,,,,,2.0,,,,,,,,,,,,,
2023/9/5,,,,,,,2.0,,,,,,,,,,,,,
2023/9/7,,,,,,,3.0,,,,,,,,,,,,,
2023/9/8,,,,,,,6.0,,,,,,,,,,,,,
2023/9/9,2023.0,9.0,9.0,23-Sep,Saturday,星期六,8.0,,,,,,美國海軍拉爾夫、加拿大渥太華驅逐艦艦通過,,,,,,,
2023/9/9,2023.0,9.0,9.0,23-Sep,Saturday,星期六,8.0,,,,,,美國海軍拉爾夫、加拿大渥太華驅逐艦艦通過,,,,,,,
2023/9/10,,,,,,,26.0,,,,,,,,,,,,,
2023/9/11,,,,,,,22.0,,,,,,,,,,,,,
2023/9/12,,,,,,,27.0,,,,,,,,,,,,,
2023/9/13,2023.0,9.0,13.0,23-Sep,Wednesday,星期三,68.0,1.0,,,,,,,,,,,,
2023/9/14,,,,,,,18.0,,,,,,,,,,,,,
2023/9/15,2023.0,9.0,15.0,23-Sep,Friday,星期五,9.0,1.0,,,,,,,,,,,,
2023/9/16,,,,,,,8.0,,,,,,,,,,,,,
2023/9/17,,,,,,,103.0,,,,,,,,,,,,,
2023/9/18,,,,,,,55.0,,,,,,中國西太平洋聯合軍演（2023/09/18）,,,,,,,
2023/9/19,,,,,,,15.0,,,,,,,,,,,,,
2023/9/20,,,,,,,20.0,,,,,,,,,,,,,
2023/9/21,,,,,,,32.0,,,,,,,,,,,,,
2023/9/22,,,,,,,10.0,,,,,,,,,,,,,
2023/9/23,,,,,,,9.0,,,,,,,,,,,,,
2023/9/24,,,,,,,9.0,,,,,,,,,,,,,
2023/9/25,,,,,,,7.0,,,,,,,,,,,,,
2023/9/26,,,,,,,32.0,,,,,,,,,,,,,
2023/9/27,,,,,,,13.0,,,,,,,,,,,,,
2023/9/28,,,,,,,23.0,,,,,,,,,,,,,
2023/9/29,,,,,,,21.0,,,,,,,,,,,,,
2023/9/30,,,,,,,5.0,,,,,,,,,,,,,
2023/10/1,,,,,,,6.0,,,,,,,,,,,,,
2023/10/2,,,,,,,8.0,,,,,,,,,,,,,
2023/10/3,,,,,,,29.0,,,,,,,,,,,,,
2023/10/4,,,,,,,1.0,,,,,,,,,,,,,
2023/10/5,,,,,,,3.0,,,,,,,,,,,,,
2023/10/6,,,,,,,4.0,,,,,,,,,,,,,
2023/10/7,,,,,,,2.0,,,,,,,,,,,,,
2023/10/8,,,,,,,5.0,,,,,,,,,,,,,
2023/10/10,,,,,,,14.0,,,,,,,,,,,,,
2023/10/11,,,,,,,20.0,,,,,,,,,,,,,
2023/10/13,2023.0,10.0,13.0,23-Oct,Friday,星期五,11.0,1.0,,,,,,,,,,,,
2023/10/14,,,,,,,9.0,,,,,,,,,,,,,
2023/10/15,,,,,,,10.0,,,,,,,,,,,,,
2023/10/16,,,,,,,11.0,,,,,,,,,,,,,
2023/10/17,,,,,,,6.0,,,,,,,,,,,,,
2023/10/18,,,,,,,10.0,,,,,,,,,,,,,
2023/10/19,,,,,,,26.0,,,,,,,,,,,,,
2023/10/20,,,,,,,7.0,,,,,,,,,,,,,
2023/10/21,,,,,,,6.0,,,,,,,,,,,,,
2023/10/22,,,,,,,10.0,,,,,,,,,,,,,
2023/10/24,,,,,,,19.0,,,,,,,,,,,,,
2023/10/25,,,,,,,9.0,,,,,,,,,,,,,
2023/10/26,,,,,,,35.0,,,,,,,,,,,,,
2023/10/27,,,,,,,1.0,,,,,,,,,,,,,
2023/10/28,2023.0,10.0,28.0,23-Oct,Saturday,星期六,7.0,1.0,,,,,,,,,,,,
2023/10/29,,,,,,,7.0,,,,,,,,,,,,,
2023/10/30,,,,,,,11.0,,,,,,,,,,,,,
2023/10/31,,,,,,,43.0,,,,,,,,,,,,,
2023/11/1,2023.0,11.0,1.0,23-Nov,Wednesday,星期三,13.0,,,,,,美國海軍拉菲爾 、加拿大渥太華驅逐艦艦通過,,,,,,,
2023/11/1,2023.0,11.0,1.0,23-Nov,Wednesday,星期三,13.0,,,,,,美國海軍拉菲爾 、加拿大渥太華驅逐艦艦通過,,,,,,,
2023/11/2,,,,,,,39.0,,,,,,,,,,,,,
2023/11/3,,,,,,,12.0,,,,,,,,,,,,,
2023/11/4,,,,,,,10.0,,,,,,,,,,,,,
2023/11/5,,,,,,,8.0,,,,,,,,,,,,,
2023/11/6,2023.0,11.0,6.0,23-Nov,Monday,星期一,10.0,1.0,,,,,,,,,,,,
2023/11/7,,,,,,,16.0,,,,,,,,,,,,,
2023/11/8,,,,,,,13.0,,,,,,,,,,,,,
2023/11/9,,,,,,,6.0,,,,,,,,,,,,,
2023/11/10,,,,,,,5.0,,,,,,,,,,,,,
2023/11/11,,,,,,,7.0,,,,,,,,,,,,,
2023/11/12,,,,,,,6.0,,,,,,,,,,,,,
2023/11/13,,,,,,,11.0,,,,,,,,,,,,,
2023/11/14,,,,,,,8.0,,,,,,,,,,,,,
2023/11/15,2023.0,11.0,15.0,23-Nov,Wednesday,星期三,10.0,0.0,,,,,,,,,,,,
2023/11/16,,,,,,,12.0,,,,,,,,,,,,,
2023/11/17,,,,,,,13.0,,,,,,,,,,,,,
2023/11/18,,,,,,,8.0,,,,,,,,,,,,,
2023/11/19,,,,,,,21.0,,,,,,,,,,,,,
2023/11/20,,,,,,,10.0,,,,,,,,,,,,,
2023/11/21,,,,,,,12.0,,,,,,,,,,,,,
2023/11/22,,,,,,,25.0,,,,,,,,,,,,,
2023/11/23,,,,,,,6.0,,,,,,,,,,,,,
2023/11/24,,,,,,,10.0,,,,,,,,,,,,,
2023/11/25,,,,,,,6.0,,,,,,,,,,,,,
2023/11/26,,,,,,,7.0,,,,,,,,,,,,,
2023/11/27,,,,,,,6.0,,,,,,,,,,,,,
2023/11/28,,,,,,,14.0,,,,,,,,,,,,,
2023/11/29,,,,,,,12.0,,,,,,,,,,,,,
2023/11/30,,,,,,,24.0,,,,,,,,,,,,,
2023/12/1,,,,,,,5.0,,,,,,,,,,,,,
2023/12/2,,,,,,,4.0,,,,,,,,,,,,,
2023/12/3,,,,,,,5.0,,,,,,,,,,,,,
2023/12/4,2023.0,12.0,4.0,23-Dec,Monday,星期一,,0.0,,,,,,,,,,,,
2023/12/5,,,,,,,7.0,,,,,,,,,,,,,
2023/12/6,,,,,,,10.0,,,,,,,,,,,,,
2023/12/7,,,,,,,26.0,,,,,,,,,,,,,
2023/12/8,,,,,,,10.0,,,,,,,,,,,,,
2023/12/9,,,,,,,12.0,,,,,,,,,,,,,
2023/12/10,,,,,,,10.0,,,,,,,,,,,,,
2023/12/11,,,,,,,20.0,,,,,,,,,,,,,
2023/12/12,,,,,,,7.0,,,,,,,,,,,,,
2023/12/13,,,,,,,9.0,,,,,,,,,,,,,
2023/12/14,,,,,,,12.0,,,,,,,,,,,,,
2023/12/15,,,,,,,27.0,,,,,,,,,,,,,
2023/12/17,,,,,,,6.0,,,,,,,,,,,,,
2023/12/18,,,,,,,4.0,,,,,,,,,,,,,
2023/12/19,,,,,,,8.0,,,,,,,,,,,,,
2023/12/20,,,,,,,8.0,,,,,,,,,,,,,
2023/12/21,,,,,,,9.0,,,,,,,,,,,,,
2023/12/22,2023.0,12.0,22.0,23-Dec,Friday,星期五,7.0,,,,,,,,,,,,,
2023/12/23,,,,,,,22.0,,,,,,,,,,,,,
2023/12/24,,,,,,,2.0,,,,,,,,,,,,,
2023/12/25,,,,,,,8.0,,,,,,,,,,,,,
2023/12/26,,,,,,,10.0,,,,,,,,,,,,,
2023/12/27,,,,,,,9.0,,,,,,,,,,,,,
2023/12/28,,,,,,,22.0,,,,,,,,,,,,,
2023/12/29,,,,,,,7.0,,,,,,,,,,,,,
2023/12/30,,,,,,,3.0,,,,,,,,,,,,,
2023/12/31,,,,,,,4.0,,,,,,,,,,,,,
2024/1/1,,,,,,,4.0,,,,,,,,,,1.0,,,
2024/1/2,,,,,,,9.0,,,,,,,,,,,,,
2024/1/3,,,,,,,6.0,,,,,,,,,1.0,,,,
2024/1/4,,,,,,,8.0,,,,,,,,,,,,,
2024/1/5,,,,,,,13.0,,,,,,,,,,,,,
2024/1/6,,,,,,,8.0,,,,,,,,,,,,,
2024/1/7,,,,,,,9.0,,,,,,,,,,,,,
2024/1/8,,,,,,,10.0,,,,,,,,,1.0,,,,
2024/1/9,,,,,,,8.0,,,,,,,,,,,,,
2024/1/10,,,,,,,15.0,,,,,,,,,,,,,
2024/1/14,2024.0,1.0,14.0,24-Jan,Sunday,星期日,,,US,TW,前國家安全顧問（喬治·W·布希政府時期）Stephen Hadley、前國務院副部長James B. Steinberg、美國在台協會（AIT）主席Laura Rosenberger,,,,,,,,,
2024/1/15,,,,,,,15.0,,,,,,,,,,,,,
2024/1/16,,,,,,,9.0,,,,,,,,,,1.0,,,
2024/1/17,,,,,,,24.0,,,,,,,,,,,,,
2024/1/18,,,,,,,12.0,,,,,,,,,,,,,
2024/1/19,,,,,,,10.0,,,,,,,,,,,,,
2024/1/20,,,,,,,3.0,,,,,,,,,,,,,
2024/1/21,,,,,,,4.0,,,,,,,,,,,,,
2024/1/22,,,,,,,7.0,,,,,,,,,,,,,
2024/1/23,2024.0,1.0,23.0,24-Jan,Tuesday,星期二,7.0,1.0,,,,,,,,,,,,
2024/1/24,,,,,,,18.0,,,,,,,,,,,,,
2024/1/25,,,,,,,10.0,,,,,,,,,,1.0,,,
2024/1/26,,,,,,,33.0,,,,,,,,,,,,,
2024/1/27,,,,,,,9.0,,,,,,,,,,,,,
2024/1/28,,,,,,,7.0,,,,,,,,,,,,,
2024/1/29,,,,,,,9.0,,,,,,,,,,,,,
2024/1/30,,,,,,,7.0,,,,,,,,,,,,,
2024/1/31,,,,,,,33.0,,,,,,,,,,,,,
2024/2/1,,,,,,,8.0,,,,,,,,,,1.0,,,
2024/2/2,,,,,,,10.0,,,,,,,,,,,,,
2024/2/3,,,,,,,7.0,,,,,,,,,,,,,
2024/2/4,,,,,,,2.0,,,,,,,,,,,,,
2024/2/5,,,,,,,25.0,,,,,,,,,,1.0,,,
2024/2/6,,,,,,,9.0,,,,,,,,,,,,,
2024/2/7,2024.0,2.0,7.0,24-Feb,Wednesday,星期三,0.0,,,,,,,,,,,,,
2024/2/8,,,,,,,7.0,,,,,,,,,,,,,
2024/2/9,,,,,,,5.0,,,,,,,,,,,,,
2024/2/10,,,,,,,6.0,,,,,,,,,,,,,
2024/2/11,,,,,,,2.0,,,,,,,,,,,,,
2024/2/12,,,,,,,2.0,,,,,,,,,,,,,
2024/2/13,,,,,,,4.0,,,,,,,,,,,,,
2024/2/14,,,,,,,21.0,,,,,,,,,,,,,
2024/2/15,,,,,,,8.0,,,,,,,,,,,,,
2024/2/16,,,,,,,7.0,,,,,,,,,,,,,
2024/2/17,,,,,,,7.0,,,,,,,,,,,,,
2024/2/18,,,,,,,7.0,,,,,,,,,,1.0,,,
2024/2/19,,,,,,,24.0,,,,,,,,,,,,,
2024/2/20,,,,,,,10.0,,,,,,,,,,,,,
2024/2/21,,,,,,,11.0,,,,,,,,,,,,,
2024/2/22,2024.0,2.0,22.0,24-Feb,Thursday,星期四,11.0,,,,,,,,,,,,,
2024/2/23,,,,,,,9.0,,,,,,,,,,,,,
2024/2/24,,,,,,,4.0,,,,,,,,,,,,,
2024/2/25,,,,,,,11.0,,,,,,,,,,,,,
2024/2/26,,,,,,,10.0,,,,,,,,,,,,,
2024/2/27,,,,,,,15.0,,,,,,,,,,,,,
2024/2/28,,,,,,,19.0,,,,,,,,,,,,,
2024/2/29,,,,,,,10.0,,,,,,,,,,,,,
2024/3/1,,,,,,,9.0,,,,,,,,,,,,,
2024/3/2,,,,,,,21.0,,,,,,,,,,1.0,,,
2024/3/3,,,,,,,16.0,,,,,,,,,,,,,
2024/3/4,,,,,,,12.0,,,,,,,,,,,,,
2024/3/5,,,,,,,14.0,,,,,,,,,,,,,
2024/3/6,,,,,,,8.0,,,,,,,,,,,,,
2024/3/7,,,,,,,9.0,,,,,,,,,,,,,
2024/3/8,,,,,,,9.0,,,,,,,,,,,,,
2024/3/9,,,,,,,7.0,,,,,,,,,,,,,
2024/3/10,,,,,,,8.0,,,,,,,,,,,,,
2024/3/11,,,,,,,2.0,,,,,,,,,,,,,
2024/3/12,,,,,,,10.0,,,,,,,,,,,,,
2024/3/13,,,,,,,26.0,,,,,,,,,,,,,
2024/3/14,,,,,,,11.0,,,,,,,,,,,,,
2024/3/15,,,,,,,10.0,,,,,,,,,,1.0,,,
2024/3/16,,,,,,,4.0,,,,,,,,,,,,1.0,
2024/3/17,,,,,,,9.0,,,,,,,,,,,,,
2024/3/18,,,,,,,9.0,,,,,,,,,,,,,
2024/3/19,,,,,,,15.0,,,,,,,,,,,,,
2024/3/20,,,,,,,32.0,,,,,,,,,,,,,
2024/3/21,,,,,,,36.0,,,,,,,,,,,,,
2024/3/22,,,,,,,13.0,,,,,,,,,,,,,
2024/3/23,,,,,,,6.0,,,,,,,,,,,,1.0,
2024/3/24,,,,,,,5.0,,,,,,,,,,,,,
2024/3/25,,,,,,,13.0,,,,,,,,,,,,,
2024/3/26,,,,,,,9.0,,,,,,,,,,,,,
2024/3/27,,,,,,,20.0,,,,,,,,,,,,,
2024/3/28,,,,,,,4.0,,,,,,,,,,,,1.0,
2024/3/29,,,,,,,8.0,,,,,,,,,,,,,
2024/3/30,,,,,,,4.0,,,,,,,,,,,,,
2024/3/31,2024.0,3.0,31.0,24-Mar,Sunday,星期日,0.0,,,,,,,,,,,,,
2024/4/1,2024.0,4.0,1.0,24-Apr,Monday,星期一,0.0,0.0,,,,,,,,,,,,
2024/4/2,,,,,,,6.0,,,,,,,,,,,,,
2024/4/3,,,,,,,30.0,,,,,,,,,,,,,
2024/4/4,,,,,,,3.0,,,,,,,,,,,,,
2024/4/5,2024.0,4.0,5.0,24-Apr,Friday,星期五,0.0,,,,,,,,,,,,,
2024/4/6,,,,,,,1.0,,,,,,,,,,,,,
2024/4/7,2024.0,4.0,7.0,24-Apr,Sunday,星期日,0.0,,,,,,,,,,,,,
2024/4/8,2024.0,4.0,8.0,24-Apr,Monday,星期一,0.0,,,,,,,,,,,,,
2024/4/9,,,,,,,7.0,,,,,,,,,,,,,
2024/4/10,,,,,,,10.0,,,,,,,,,,,,,
2024/4/11,,,,,,,14.0,,,,,,,,,,,,,
2024/4/12,,,,,,,14.0,,,,,,,,,,,,,
2024/4/13,,,,,,,16.0,,,,,,,,,,,,,
2024/4/14,,,,,,,6.0,,,,,,,,,,,,,
2024/4/15,,,,,,,18.0,,,,,,,,,,,,,
2024/4/16,,,,,,,11.0,,,,,,,,,,,,,
2024/4/17,,,,,,,10.0,,,,,,,,,,,,,
2024/4/18,,,,,,,18.0,,,,,,,,,,,,,
2024/4/19,,,,,,,6.0,,,,,,,,,,,,,
2024/4/20,,,,,,,8.0,,,,,,,,,,,,,
2024/4/21,,,,,,,21.0,,,,,,,,,,,,,
2024/4/22,,,,,,,10.0,,,,,,,,,,,,,
2024/4/23,,,,,,,2.0,,,,,,,,,,,,,
2024/4/24,,,,,,,2.0,,,,,,,,,1.0,,,,
2024/4/25,,,,,,,10.0,,,,,,,,,,,,,
2024/4/26,2024.0,4.0,26.0,24-Apr,Friday,星期五,0.0,0.0,,,,,,,,,1.0,,,
2024/4/27,,,,,,,1.0,,,,,,,,,,,,,
2024/4/28,,,,,,,22.0,,,,,,,,,,,,,
2024/4/29,2024.0,4.0,29.0,24-Apr,Monday,星期一,0.0,,,,,,,,,,,,,
2024/4/30,,,,,,,7.0,,,,,,,,,,,,,
2024/5/1,2024.0,5.0,1.0,24-May,Wednesday,星期三,0.0,,,,,,,,,,,,,
2024/5/2,,,,,,,4.0,,,,,,,,,,,,,
2024/5/3,,,,,,,26.0,,,,,,,,,,,,,
2024/5/4,,,,,,,9.0,,,,,,,,,,,,,
2024/5/5,,,,,,,7.0,,,,,,,,,,,1.0,,
2024/5/6,,,,,,,3.0,,,,,,,,,,,,,
2024/5/7,,,,,,,10.0,,,,,,,,,,,,,
2024/5/8,,,,,,,16.0,,,,,,,,,,,,,
2024/5/9,,,,,,,23.0,,,,,,,,,1.0,,,,
2024/5/10,,,,,,,6.0,,,,,,,,,,,,,
2024/5/11,,,,,,,15.0,,,,,,,,,,,,,
2024/5/12,,,,,,,11.0,,,,,,,,,,,,,
2024/5/13,,,,,,,2.0,,,,,,,,,,1.0,,,
2024/5/14,,,,,,,10.0,,,,,,,,,,,,,
2024/5/15,,,,,,,45.0,,,,,,,,,,,,,
2024/5/16,,,,,,,27.0,,,,,,,,,,,,,
2024/5/17,,,,,,,8.0,,,,,,,,,,,,,
2024/5/18,,,,,,,18.0,,,,,,,,,,,,,
2024/5/19,2024.0,5.0,19.0,24-May,Sunday,星期日,7.0,,US,TW,前白宮國家經濟委員會主任（拜登政府時期）Brian Deese、前國務院副部長（喬治·W·布希政府時期）Richard Armitage、布魯金斯學會資深研究員暨前美國在台協會主席Richard Bush、美國在台協會主席Laura Rosenberger,,,,,,,,,
2024/5/20,2024.0,5.0,20.0,24-May,Monday,星期一,6.0,,,,,中共政治聲明：中共國台辦稱賴清德演說是「徹頭徹尾的『台獨自白』」和「兩國論」 。,,,,,,,,
2024/5/20,2024.0,5.0,20.0,24-May,Monday,星期一,6.0,,TW,CN,,台灣政治聲明：賴清德總統發表就職演說，稱「中華民國與中華人民共和國互不隸屬」 。,,,,,,,,
2024/5/21,2024.0,5.0,21.0,24-May,Tuesday,星期二,0.0,,,,,,,,,,,,,
2024/5/22,2024.0,5.0,22.0,24-May,Wednesday,星期三,0.0,,,,,,,,,,,,,
2024/5/23,2024.0,5.0,23.0,24-May,Thursday,星期四,1.0,,CN,TW,,中共政治聲明：演習是對「台獨」分裂勢力的「懲戒」。,,,,,,,,
2024/5/24,2024.0,5.0,24.0,24-May,Friday,星期五,49.0,,CN,TW,,中方強烈反對，指此舉破壞一中原則、向「台獨勢力」傳錯誤信號,,,,,,,,
2024/5/25,,,,,,,62.0,,,,,,,,,,,,,
2024/5/26,2024.0,5.0,26.0,24-May,Sunday,星期日,7.0,,US,TW,眾議院外交事務委員會主席Michael McCaul (R-TX)、眾議員Young Kim (R-CA)、眾議員Joe Wilson (R-SC)、眾議員Andy Barr (R-KY)、眾議員Jimmy Panetta (D-CA，印太小組委員會首席民主黨議員）、眾議員Chrissy Houlahan (D-PA,,,,,,,,,
2024/5/27,,,,,,,21.0,,,,,,,,,,,,,
2024/5/28,,,,,,,3.0,,,,,,,,,,,,,
2024/5/29,,,,,,,38.0,,,,,,,,,,,,,
2024/5/30,,,,,,,13.0,,,,,,,,,,,,,
2024/5/31,2024.0,5.0,31.0,24-May,Friday,星期五,9.0,,,,,,荷蘭皇家海軍巡防艦「卓普號」（HNLMS Tromp）,,,,,,,
2024/6/1,2024.0,6.0,1.0,24-Jun,Saturday,星期六,2.0,,,,,,土耳其海軍巡防艦「克納勒島號」（TCG Kinaliada）,,,,,,,
2024/6/2,2024.0,6.0,2.0,24-Jun,Sunday,星期日,0.0,,,,,,,,,1.0,,,,
2024/6/3,,,,,,,19.0,,,,,,,,,,,,,
2024/6/4,,,,,,,26.0,,,,,,,,,,,,,
2024/6/5,,,,,,,1.0,,,,,,,,,,,,,
2024/6/6,,,,,,,6.0,,,,,,,,,,1.0,,,
2024/6/7,,,,,,,13.0,,,,,,,,,,,,,
2024/6/8,,,,,,,9.0,,,,,,,,,,,,,
2024/6/9,,,,,,,9.0,,,,,,,,,,,,,
2024/6/10,,,,,,,11.0,,,,,,,,,,,,,
2024/6/11,,,,,,,13.0,,,,,,,,,,,,,
2024/6/12,,,,,,,23.0,,,,,,,,,,,,,
2024/6/13,,,,,,,8.0,,,,,,,,,,,,,
2024/6/14,,,,,,,12.0,,,,,,,,,,,,,
2024/6/15,,,,,,,6.0,,,,,,,,,,,,,
2024/6/16,,,,,,,2.0,,,,,,,,,,,,,
2024/6/17,,,,,,,20.0,,,,,,,,,,,,,
2024/6/18,,,,,,,18.0,,,,,,,,,,,,,
2024/6/19,,,,,,,11.0,,,,,,,,,,,,,
2024/6/20,,,,,,,36.0,,,,,,,,,,,,,
2024/6/21,,,,,,,41.0,,,,,,,,,,,,,
2024/6/22,,,,,,,15.0,,,,,,,,,,,,,
2024/6/23,,,,,,,23.0,,,,,,,,,,,,,
2024/6/24,,,,,,,17.0,,,,,,,,,,,,,
2024/6/25,,,,,,,18.0,,,,,,,,,,,,,
2024/6/26,,,,,,,35.0,,,,,,,,,,,1.0,,
2024/6/27,,,,,,,18.0,,,,,,,,,,,1.0,,
2024/6/28,,,,,,,23.0,,,,,,,,,,,,,
2024/6/29,,,,,,,5.0,,,,,,,,,,,1.0,,
2024/6/30,,,,,,,5.0,,,,,,,,,,,,1.0,
2024/7/1,,,,,,,13.0,,,,,,,,,,,,1.0,
2024/7/2,,,,,,,22.0,,,,,,,,,,,,,
2024/7/3,,,,,,,30.0,,,,,,,,,,,,,
2024/7/4,,,,,,,36.0,,,,,,,,,,,,,
2024/7/5,,,,,,,30.0,,,,,,,,,,,,,
2024/7/6,,,,,,,15.0,,,,,,,,,,,,,
2024/7/7,,,,,,,14.0,,,,,,,,,,,,,
2024/7/8,,,,,,,15.0,,,,,,,,,,,,,
2024/7/9,2024.0,7.0,9.0,24-Jul,Tuesday,星期二,35.0,1.0,,,,,,,,,,,,
2024/7/9,2024.0,7.0,9.0,24-Jul,Tuesday,星期二,35.0,1.0,,,,,,,,,,,,
2024/7/9,2024.0,7.0,9.0,24-Jul,Tuesday,星期二,35.0,1.0,,,,,,,,,,,,
2024/7/9,2024.0,7.0,9.0,24-Jul,Tuesday,星期二,35.0,1.0,,,,,,,,,,,,
2024/7/10,,,,,,,66.0,,,,,,,,,,,,,
2024/7/11,,,,,,,18.0,,,,,,,,,,,,,
2024/7/12,,,,,,,30.0,,,,,,,,,,,,,
2024/7/13,,,,,,,16.0,,,,,,,,,,,,,
2024/7/14,,,,,,,10.0,,,,,,,,,,,,,
2024/7/15,,,,,,,18.0,,,,,,,,,,,,,
2024/7/16,2024.0,7.0,16.0,24-Jul,Tuesday,星期二,20.0,1.0,,,,,,,,,,,,
2024/7/17,,,,,,,20.0,,,,,,,,,,,,,
2024/7/18,,,,,,,17.0,,,,,,,,,1.0,,,,
2024/7/19,2024.0,7.0,19.0,24-Jul,Friday,星期五,22.0,1.0,,,,,,,,,,,1.0,
2024/7/20,,,,,,,22.0,,,,,,,,,,,,1.0,
2024/7/21,,,,,,,12.0,,,,,,,,,,,,1.0,
2024/7/22,,,,,,,18.0,,,,,,,,,,,,1.0,
2024/7/23,,,,,,,22.0,,,,,,,,,,,,1.0,
2024/7/24,2024.0,7.0,24.0,24-Jul,Wednesday,星期三,0.0,,,,,,,,,,,,,
2024/7/25,2024.0,7.0,25.0,24-Jul,Thursday,星期四,0.0,,,,,,,,,,,,,
2024/7/26,2024.0,7.0,26.0,24-Jul,Friday,星期五,0.0,,,,,,,,,,,,,
2024/7/27,2024.0,7.0,27.0,24-Jul,Saturday,星期六,0.0,,,,,,,,,,,,,
2024/7/28,,,,,,,18.0,,,,,,,,,,,,,
2024/7/29,,,,,,,14.0,,,,,,,,,,,,,
2024/7/30,,,,,,,25.0,,,,,,,,,,,,,
2024/7/31,2024.0,7.0,31.0,24-Jul,Wednesday,星期三,,,,,,,加拿大海軍巡防艦「蒙特婁號」（HMCS Montréal）,,,,,,,
2024/8/1,,,,,,,17.0,,,,,,,,,,,,,
2024/8/2,,,,,,,18.0,,,,,,,,,,,,,
2024/8/3,,,,,,,36.0,,,,,,,,,,,,,
2024/8/4,,,,,,,9.0,,,,,,,,,,,,,
2024/8/5,,,,,,,12.0,,,,,,,,,,,,,
2024/8/6,,,,,,,36.0,,,,,,,,,,,,,
2024/8/7,,,,,,,27.0,,,,,,,,,,,,,
2024/8/8,,,,,,,18.0,,,,,,,,,,,,,
2024/8/9,,,,,,,28.0,,,,,,,,,,,,,
2024/8/10,,,,,,,8.0,,,,,,,,,,,,,
2024/8/11,2024.0,8.0,11.0,24-Aug,Sunday,星期日,9.0,,,,,,,,,,,,,
2024/8/12,2024.0,8.0,12.0,24-Aug,Monday,星期一,15.0,1.0,,,,,,,,,,,,
2024/8/13,,,,,,,27.0,,,,,,,,,,,,,
2024/8/14,2024.0,8.0,14.0,24-Aug,Wednesday,星期三,6.0,1.0,,,,,,,,,,,,
2024/8/15,,,,,,,13.0,,,,,,,,,,,,1.0,
2024/8/16,,,,,,,13.0,,,,,,,,,,,,1.0,
2024/8/17,,,,,,,7.0,,,,,,,,,,,,,
2024/8/18,,,,,,,8.0,,,,,,,,,,,,,
2024/8/19,,,,,,,5.0,,,,,,,,,,,,,
2024/8/20,,,,,,,11.0,,,,,,,,,,,,,
2024/8/21,,,,,,,8.0,,,,,,,,,,,,,
2024/8/22,,,,,,,41.0,,,,,,,,,,,,,
2024/8/23,,,,,,,38.0,,,,,,,,,,,,,
2024/8/24,,,,,,,12.0,,,,,,,,,,,,,
2024/8/25,,,,,,,12.0,,,,,,,,,,,,1.0,
2024/8/26,,,,,,,15.0,,,,,,,,,,,,1.0,
2024/8/27,,,,,,,30.0,,,,,,,,,,,,,
2024/8/28,,,,,,,13.0,,,,,,,,,,,,,
2024/8/29,,,,,,,25.0,,,,,,,,,,,,,
2024/8/30,,,,,,,30.0,,,,,,,,,,,,,
2024/8/31,,,,,,,10.0,,,,,,,,,,,,,
2024/9/1,,,,,,,22.0,,,,,,,,,,,,,
2024/9/2,,,,,,,20.0,,,,,,,,,,,,,
2024/9/3,,,,,,,23.0,,,,,,,,,,,,,
2024/9/4,,,,,,,20.0,,,,,,,,,,,,,
2024/9/5,,,,,,,16.0,,,,,,,,,,,,,
2024/9/6,,,,,,,13.0,,,,,,,,,,,,1.0,
2024/9/7,,,,,,,25.0,,,,,,,,,,,,1.0,
2024/9/8,,,,,,,21.0,,,,,,,,,,,,,
2024/9/9,,,,,,,13.0,,,,,,,,,,,,,
2024/9/10,,,,,,,12.0,,,,,,,,,,,,,
2024/9/11,,,,,,,15.0,,,,,,,,,,1.0,,,
2024/9/12,,,,,,,12.0,,,,,,,,,,,,,
2024/9/13,2024.0,9.0,13.0,24-Sep,Friday,星期五,11.0,,,,,,德國海軍巡防艦「巴登-符騰堡號」（FGS Baden-Württemberg）和補給艦「美茵河畔法蘭克福號」（FGS Frankfurt am Main）,,,,,,,
2024/9/14,,,,,,,10.0,,,,,,,,,,1.0,,,
2024/9/15,,,,,,,13.0,,,,,,,,,,1.0,,,
2024/9/16,,,,,,,10.0,,,,,,,,,,,,,
2024/9/17,,,,,,,12.0,,,,,,,,,1.0,,,,
2024/9/18,2024.0,9.0,18.0,24-Sep,Wednesday,星期三,30.0,1.0,,,,,,,,1.0,,,,
2024/9/19,,,,,,,9.0,,,,,,,,,,,,,
2024/9/20,2024.0,9.0,20.0,24-Sep,Friday,星期五,13.0,1.0,,,,,,,,,,,,
2024/9/21,,,,,,,12.0,,,,,,,,,,,,,
2024/9/22,,,,,,,5.0,,,,,,,,,,,,,
2024/9/23,,,,,,,13.0,,,,,,,,,,,,,
2024/9/24,,,,,,,16.0,,,,,,,,,,,,,
2024/9/25,2024.0,9.0,25.0,24-Sep,Wednesday,星期三,11.0,,,,,,澳洲皇家海軍飛彈驅逐艦「雪梨號」（HMAS Sydney）紐西蘭皇家海軍補給艦「奧特亞羅瓦號」（HMNZS Aotearoa）日本海上自衛隊巡防艦「漣號」（さざなみ，Sazanami）,,,,,,,
2024/9/26,,,,,,,11.0,,,,,,,,,,,,,
2024/9/27,2024.0,9.0,27.0,24-Sep,Friday,星期五,16.0,1.0,,,,,,,,,,,,
2024/9/28,,,,,,,11.0,,,,,,,,,,,,,
2024/9/29,,,,,,,9.0,,,,,,,,,,,,,
2024/9/30,,,,,,,12.0,,,,,,,,,,,,,
2024/10/1,,,,,,,9.0,,,,,,,,,,,,,
2024/10/2,2024.0,10.0,2.0,24-Oct,Wednesday,星期三,4.0,1.0,,,,,,,,,,,,
2024/10/3,,,,,,,10.0,,,,,,,,,,,,,
2024/10/4,,,,,,,4.0,,,,,,,,,,,,,
2024/10/5,,,,,,,7.0,,,,,,,,,,,,,
2024/10/6,2024.0,10.0,6.0,24-Oct,Sunday,星期日,5.0,,,,,,,,,,,,,
2024/10/7,,,,,,,3.0,,,,,,,,,,,,,
2024/10/8,2024.0,10.0,8.0,24-Oct,Tuesday,星期二,0.0,,,,,,,,,,,,,
2024/10/9,,,,,,,6.0,,,,,,,,,,,,,
2024/10/10,2024.0,10.0,10.0,24-Oct,Thursday,星期四,4.0,,,TW,CN,賴清德國慶演說,,,,,,,,
2024/10/11,,,,,,,24.0,,,,,,,,,,,,,
2024/10/12,,,,,,,11.0,,,,,,,,,,,,,
2024/10/13,,,,,,,25.0,,,,,,,,,,1.0,,,
2024/10/14,2024.0,10.0,14.0,24-Oct,Monday,星期一,153.0,1.0,,CN,TW,2024年10月環台軍事演練,,,,,1.0,,,
2024/10/15,2024.0,10.0,15.0,24-Oct,Tuesday,星期二,14.0,1.0,,,,,,,,,1.0,,,
2024/10/16,,,,,,,22.0,,,,,,,,,,,,,
2024/10/17,2024.0,10.0,17.0,24-Oct,Thursday,星期四,20.0,1.0,,,,,,,,,,,,
2024/10/18,,,,,,,19.0,,,,,,,,,,,,,
2024/10/19,,,,,,,10.0,,,,,,,,,,,,,
2024/10/20,2024.0,10.0,20.0,24-Oct,Sunday,星期日,6.0,,,,,,加拿大海軍巡防艦「溫哥華號」（HMCS Vancouver）美國海軍飛彈驅逐艦「希金斯號」（USS Higgins）通過台灣海峽,,,,,,,
2024/10/21,,,,,,,14.0,,,,,,,,,,,,,
2024/10/22,,,,,,,15.0,,,,,,,,,,,,,
2024/10/23,,,,,,,12.0,,,,,,,,,,,,,
2024/10/24,,,,,,,4.0,,,,,,,,,,,,,
2024/10/25,,,,,,,22.0,,,,,,,,,,,,,
2024/10/26,2024.0,10.0,26.0,24-Oct,Saturday,星期六,8.0,,,US,TW,美國批准對臺軍售，包括先進防空系統 NASAMS,,,,,,,,
2024/10/27,,,,,,,22.0,,,,,,,,,,,,,
2024/10/28,2024.0,10.0,28.0,24-Oct,Monday,星期一,6.0,,,,,,法國海軍巡防艦「牧月號」（FNS Prairial）,,,,,,,
2024/10/29,,,,,,,10.0,,,,,,,,,,,,,
2024/10/30,,,,,,,8.0,,,,,,,,,,,,,
2024/10/31,2024.0,10.0,31.0,24-Oct,Thursday,星期四,0.0,0.0,,,,,,,,,,,,
2024/11/1,,,,,,,5.0,,,,,,,,,,,,,
2024/11/2,,,,,,,27.0,,,,,,,,,,,,,
2024/11/3,,,,,,,44.0,,,,,,,,,,,,,
2024/11/4,2024.0,11.0,4.0,24-Nov,Monday,星期一,20.0,1.0,,,,,,,,,1.0,,,
2024/11/5,2024.0,11.0,5.0,24-Nov,Tuesday,星期二,12.0,1.0,,,,,,,,,,,,
2024/11/6,,,,,,,13.0,,,,,,,,,,,,,
2024/11/7,,,,,,,11.0,,,,,,,,,,,,,
2024/11/8,,,,,,,12.0,,,,,,,,,,,,,
2024/11/9,,,,,,,9.0,,,,,,,,,,,,,
2024/11/10,,,,,,,7.0,,,,,,,,,,,,,
2024/11/11,,,,,,,10.0,,,,,,,,,,,,,
2024/11/12,,,,,,,24.0,,,,,,,,,,,,,
2024/11/13,,,,,,,15.0,,,,,,,,,,,,,
2024/11/14,,,,,,,8.0,,,,,,,,,,,,,
2024/11/15,,,,,,,3.0,,,,,,,,,,,,,
2024/11/16,2024.0,11.0,16.0,24-Nov,Saturday,星期六,0.0,,,,,,,,,,,,,
2024/11/17,,,,,,,6.0,,,,,,,,,,,,,
2024/11/18,,,,,,,9.0,,,,,,,,,,,,,
2024/11/19,,,,,,,9.0,,,,,,,,,,,,,
2024/11/20,,,,,,,5.0,,,,,,,,,,,,,
2024/11/21,,,,,,,1.0,,,,,,,,,,,,,
2024/11/22,,,,,,,7.0,,,,,,,,,,,,,
2024/11/23,,,,,,,5.0,,,,,,,,,,,,,
2024/11/24,,,,,,,4.0,,,,,,,,,,,,,
2024/11/25,,,,,,,1.0,,,,,,,,,,,,,
2024/11/26,,,,,,,3.0,,,,,,,,,,,,,
2024/11/27,,,,,,,5.0,,,,,,,,,,1.0,,,
2024/11/28,,,,,,,1.0,,,,,,,,,,1.0,,,
2024/11/29,,,,,,,18.0,,,,,,,,,,,,,
2024/11/30,,,,,,,9.0,,,,,,,,,,,,,
2024/12/1,,,,,,,15.0,,,,,,,,,,,,,
2024/12/2,,,,,,,16.0,,,,,,,,,,,,,
2024/12/3,,,,,,,15.0,,,,,,,,,,,,,
2024/12/4,,,,,,,9.0,,,,,,,,,,,,,
2024/12/5,,,,,,,16.0,,,,,,,,,,,1.0,,
2024/12/6,,,,,,,15.0,,,,,,,,,,,,,
2024/12/7,,,,,,,7.0,,,,,,,,,,,,,
2024/12/8,,,,,,,10.0,,,,,,,,,,,,,
2024/12/9,,,,,,,47.0,,,,,,,,,,,,,
2024/12/10,,,,,,,53.0,,,,,,,,,,,,,
2024/12/11,,,,,,,34.0,,,,,,,,,,,,,
2024/12/12,,,,,,,12.0,,,,,,,,,,1.0,,,
2024/12/13,,,,,,,17.0,,,,,,,,,,,,,
2024/12/14,,,,,,,4.0,,,,,,,,,,,,,
2024/12/15,,,,,,,5.0,,,,,,,,,,,,,
2024/12/16,,,,,,,10.0,,,,,,,,,,,,,
2024/12/17,,,,,,,15.0,,,,,,,,,,,,,
2024/12/18,,,,,,,10.0,,,,,,,,,,,,,
2024/12/19,,,,,,,12.0,,,,,,,,,,,1.0,,
2024/12/20,,,,,,,9.0,,,,,,,,,,,1.0,,
2024/12/21,2024.0,12.0,21.0,24-Dec,Saturday,星期六,11.0,,,US,TW,白宮宣布對台提供5.71億美元的軍事援助計畫和2.95億美元的軍售中共政治聲明：中國外交部抗議此舉「嚴重」違反「一個中國」原則和1982年聯合公報，指責美國武裝台灣是「玩火」，並警告中國將採取一切必要措施維護主權。,,,,,,,,
2024/12/22,,,,,,,2.0,,,,,,,,,,1.0,,,
2024/12/23,,,,,,,8.0,,,,,,,,,,,,,
2024/12/24,,,,,,,3.0,,,,,,,,,,,,,
2024/12/25,2024.0,12.0,25.0,24-Dec,Wednesday,星期三,0.0,,,,,,,,,,,,,
2024/12/26,,,,,,,5.0,,,,,,,,,,,,,
2024/12/27,,,,,,,7.0,,,,,,,,,,,,,
2024/12/28,,,,,,,5.0,,,,,,,,,,,,,
2024/12/29,,,,,,,23.0,,,,,,,,,,,,,
2024/12/30,,,,,,,5.0,,,,,,,,,,,,,
2024/12/31,,,,,,,2.0,,,,,,,,,,,,,
2025/1/1,,,,,,,3.0,,,,,,,,,,,,,
2025/1/2,,,,,,,24.0,,,,,,,,,,1.0,,,
2025/1/3,,,,,,,5.0,,,,,,,,,,,,,
2025/1/4,,,,,,,5.0,,,,,,,,,,,,,
2025/1/5,,,,,,,7.0,,,,,,,,,,,,,
2025/1/6,2025.0,1.0,6.0,25-Jan,Monday,星期一,15.0,0.0,,,,,,,,,,,,
2025/1/7,,,,,,,25.0,,,,,,,,,,,,,
2025/1/8,,,,,,,11.0,,,,,,,,,,,,,
2025/1/9,,,,,,,4.0,,,,,,,,,,,,,
2025/1/10,,,,,,,8.0,,,,,,,,,,,,,
2025/1/11,,,,,,,3.0,,,,,,,,,,,,,
2025/1/12,,,,,,,6.0,,,,,,,,,,,,,
2025/1/13,,,,,,,7.0,,,,,,,,,,,,,
2025/1/14,,,,,,,12.0,,,,,,,,,,,,,
2025/1/15,,,,,,,14.0,,,,,,,,,,,,,
2025/1/16,,,,,,,13.0,,,,,,,,,,,,,
2025/1/17,,,,,,,8.0,,,,,,,,,,,,,
2025/1/18,,,,,,,9.0,,,,,,,,,,,,,
2025/1/19,,,,,,,11.0,,,,,,,,,,,,,
2025/1/20,,,,,,,8.0,,,,,,,,,,,,,
2025/1/21,,,,,,,14.0,,,,,,,,,,,,,
2025/1/22,,,,,,,35.0,,,,,,,,,,,,,
2025/1/23,2025.0,1.0,23.0,25-Jan,Thursday,星期四,10.0,1.0,,,,,,,,,,,,
2025/1/24,,,,,,,28.0,,,,,,,,,,,,,
2025/1/25,,,,,,,6.0,,,,,,,,,,,,,
2025/1/26,,,,,,,4.0,,,,,,,,,,,,,
2025/1/27,,,,,,,7.0,,,,,,,,,,,,,
2025/1/28,,,,,,,6.0,,,,,,,,,,,,,
2025/1/29,,,,,,,6.0,,,,,,,,,,,,,
2025/1/30,,,,,,,7.0,,,,,,,,,,,,,
2025/1/31,,,,,,,1.0,,,,,,,,,,,,,
2025/2/1,,,,,,,8.0,,,,,,,,,,,,,
2025/2/2,2025.0,2.0,2.0,25-Feb,Sunday,星期日,21.0,,,,,,日本海上自衛隊驅逐艦「秋月號」（あきづき，Akizuki）由北向南穿越,,,,,,,
2025/2/4,,,,,,,11.0,,,,,,,,,,,,,
2025/2/5,,,,,,,12.0,,,,,,,,,,,,,
2025/2/6,,,,,,,27.0,,,,,,,,,,,,,
2025/2/7,,,,,,,9.0,,,,,,,,,,,,,
2025/2/8,,,,,,,11.0,,,,,,,,,,,,,
2025/2/9,,,,,,,14.0,,,,,,,,,,,,,
2025/2/10,,,,,,,5.0,,,,,,,,,,1.0,,,
2025/2/11,,,,,,,32.0,,,,,,,,,,1.0,,,
2025/2/12,,,,,,,30.0,,,,,,,,,,,,,
2025/2/13,,,,,,,6.0,,,,,,,,,,,,,
2025/2/14,,,,,,,5.0,,,,,,,,,,,,,
2025/2/15,,,,,,,19.0,,,,,,,,,,,,,
2025/2/16,2025.0,2.0,16.0,25-Feb,Sunday,星期日,4.0,,,,,,加拿大海軍巡防艦「渥太華號」（HMCS Ottawa）,,,,,,,
2025/2/16,2025.0,2.0,16.0,25-Feb,Sunday,星期日,4.0,,,,,,加拿大海軍的哈利法克斯級巡防艦「渥太華號」通過台灣海峽,,,,,,,
2025/2/17,2025.0,2.0,17.0,25-Feb,Monday,星期一,41.0,,,US,TW,"美國國務院從其「臺灣」事實表頁面移除「我們不支持臺灣獨立」這句話
中方強烈抗議，稱此「向台獨勢力」傳錯誤信號，破壞台海和平穩定",,,,,,,,
2025/2/18,,,,,,,8.0,,,,,,,,,,,,,
2025/2/19,2025.0,2.0,19.0,25-Feb,Wednesday,星期三,36.0,,,,,,,,,,,,,
2025/2/20,,,,,,,36.0,,,,,,,,,,,,,
2025/2/21,,,,,,,28.0,,,,,,,,,,,,,
2025/2/22,2025.0,2.0,22.0,25-Feb,Saturday,星期六,8.0,,,,,,,,,,,,,
2025/2/23,,,,,,,11.0,,,,,,,,,,,,,
2025/2/24,,,,,,,5.0,,,,,,,,,,,,,
2025/2/25,,,,,,,12.0,,,,,,,,,,,,,
2025/2/26,2025.0,2.0,26.0,25-Feb,Wednesday,星期三,11.0,,,,,,共軍派出32架戰機執行聯合戰備警巡，並在高屏外海無預警宣布射擊訓練同時英國海軍巡邏艦「史佩號」(HMS Spey)通過台海,,,,,,,
2025/2/27,,,,,,,45.0,,,,,,,,,,,,,
2025/2/28,,,,,,,8.0,,,,,,,,,,,,,
2025/3/1,,,,,,,17.0,,,,,,,,,,,,,
2025/3/2,,,,,,,11.0,,,,,,,,,,,,,
2025/3/3,,,,,,,10.0,,,,,,,,,,,,,
2025/3/4,,,,,,,19.0,,,,,,,,,,,,,
2025/3/5,,,,,,,5.0,,,,,,,,,,,,,
2025/3/6,2025.0,3.0,6.0,25-Mar,Thursday,星期四,0.0,,,,,,,,,,,,,
2025/3/7,,,,,,,5.0,,,,,,,,,,,,,
2025/3/8,,,,,,,2.0,,,,,,,,,,,,,
2025/3/9,,,,,,,9.0,,,,,,,,,,,,,
2025/3/10,,,,,,,11.0,,,,,,,,,,,,,
2025/3/11,,,,,,,13.0,,,,,,,,,,,,,
2025/3/12,,,,,,,11.0,,,,,,,,,,,,,
2025/3/13,,,,,,,20.0,,,,,,,,,,,,,
2025/3/14,,,,,,,12.0,,,,,,,,,,,,,
2025/3/15,,,,,,,3.0,,,,,,,,,,,,,
2025/3/16,,,,,,,1.0,,,,,,,,,,1.0,,,
2025/3/17,,,,,,,13.0,,,,,,,,,1.0,,,,
2025/3/18,2025.0,3.0,18.0,25-Mar,Tuesday,星期二,59.0,0.0,,CN,TW,"臺灣宣布將與美國深化軍事交流／共享情報／舉行桌上演習
中方回應稱此為「台獨」勢力與外國勾連、必要打壓；並透過軍演傳遞警告",,,,,,,,
2025/3/19,,,,,,,13.0,,,,,,,,,,,,,
2025/3/20,,,,,,,27.0,,,,,,,,,,1.0,,,
2025/3/21,,,,,,,18.0,,,,,,,,,,,,,
2025/3/22,,,,,,,47.0,,,,,,,,,,,,,
2025/3/23,,,,,,,13.0,,,,,,,,,,1.0,,,
2025/3/24,,,,,,,9.0,,,,,,,,,,,,,
2025/3/25,,,,,,,21.0,,,,,,,,,,,,,
2025/3/26,,,,,,,27.0,,,,,,,,,,,,,
2025/3/27,,,,,,,20.0,,,,,,,,,,,,,
2025/3/28,,,,,,,30.0,,,,,,,,,,,,,
2025/3/29,,,,,,,1.0,,,,,,,,,,,,,
2025/3/30,,,,,,,1.0,,,,,,,,,,,,,
2025/3/31,2025.0,3.0,31.0,25-Mar,Monday,星期一,0.0,0.0,,,,,,,,,,,,
2025/4/1,2025.0,4.0,1.0,25-Apr,Tuesday,星期二,0.0,1.0,,,,,,,,,,,,
2025/4/1,2025.0,4.0,1.0,25-Apr,Tuesday,星期二,0.0,1.0,,CN,Tw,軍事演習為對「境外敵對勢力」、17項策略等的嚴厲懲戒,,,,,,,,
2025/4/1,2025.0,4.0,1.0,25-Apr,Tuesday,星期二,0.0,1.0,,,,,,,,,,,,
2025/4/1,2025.0,4.0,1.0,25-Apr,Tuesday,星期二,0.0,1.0,,,,,,,,,,,,
2025/4/2,2025.0,4.0,2.0,25-Apr,Wednesday,星期三,76.0,,,CN,TW,央視新聞報導，「4月2號，中國人民解放軍東部戰區位台灣海峽中部南部相關海域，組織海峽雷霆2025A演練,,,,1.0,,,,
2025/4/3,2025.0,4.0,3.0,25-Apr,Thursday,星期四,59.0,1.0,,,,,,,,,,,,
2025/4/4,,,,,,,16.0,,,,,,,,,,,,,
2025/4/5,,,,,,,12.0,,,,,,,,,,,,,
2025/4/6,,,,,,,7.0,,,,,,,,,,,,,
2025/4/7,,,,,,,4.0,,,,,,,,,,,,,
2025/4/8,,,,,,,16.0,,,,,,,,,,,,,
2025/4/9,,,,,,,25.0,,,,,,,,,,,,1.0,
2025/4/10,,,,,,,11.0,,,,,,,,,,1.0,,,
2025/4/11,,,,,,,2.0,,,,,,,,,,,,,
2025/4/12,,,,,,,34.0,,,,,,,,,,,,,
2025/4/13,2025.0,4.0,13.0,25-Apr,Sunday,星期日,0.0,,,,,,,,,,,,,
2025/4/14,,,,,,,6.0,,,,,,,,,,,,,
2025/4/15,,,,,,,10.0,,,,,,,,,,,,,
2025/4/16,2025.0,4.0,16.0,25-Apr,Wednesday,星期三,17.0,,,,,,,,,,,,,
2025/4/17,,,,,,,34.0,,,,,,,,,,,,,
2025/4/18,,,,,,,11.0,,,,,,,,,,,,1.0,
2025/4/19,,,,,,,14.0,,,,,,,,,,,,,
2025/4/20,2025.0,4.0,20.0,25-Apr,Sunday,星期日,0.0,,,,,,,,,,,,,
2025/4/21,,,,,,,7.0,,,,,,,,,,,,,
2025/4/22,,,,,,,11.0,,,,,,,,,,,,,
2025/4/23,2025.0,4.0,23.0,25-Apr,Wednesday,星期三,29.0,1.0,,,,,,,,,1.0,,,
2025/4/24,,,,,,,19.0,,,,,,,,,,,,,
2025/4/25,,,,,,,9.0,,,,,,,,,,,,,
2025/4/26,2025.0,4.0,26.0,25-Apr,Saturday,星期六,0.0,1.0,,,,,,,,,,,,
2025/4/27,,,,,,,5.0,,,,,,,,,,,,,
2025/4/28,,,,,,,29.0,,,,,,,,,,,,,
2025/4/29,,,,,,,27.0,,,,,,,,,,,,,
2025/4/30,,,,,,,20.0,,,,,,,,,,,,,
2025/5/1,,,,,,,34.0,,,,,,,,,,1.0,,,
2025/5/2,,,,,,,5.0,,,,,,,,,,,,,
2025/5/3,,,,,,,7.0,,,,,,,,,,,,,
2025/5/4,,,,,,,8.0,,,,,,,,,,,,,
2025/5/5,,,,,,,6.0,,,,,,,,,,,,,
2025/5/6,,,,,,,16.0,,,,,,,,,,,,,
2025/5/7,,,,,,,9.0,,,,,,,,,,,,,
2025/5/8,,,,,,,5.0,,,,,,,,,,,,,
2025/5/9,,,,,,,14.0,,,,,,,,,,,,,
2025/5/10,,,,,,,7.0,,,,,,,,,,,,,
2025/5/11,,,,,,,5.0,,,,,,,,,,,,,
2025/5/12,,,,,,,36.0,,,,,,,,,,,,,
2025/5/13,,,,,,,31.0,,,,,,,,,,,,,
2025/5/14,,,,,,,35.0,,,,,,,,,,,,,
2025/5/15,,,,,,,29.0,,,,,,,,,,,,,
2025/5/16,,,,,,,21.0,,,,,,,,,,1.0,,,
2025/5/17,2025.0,5.0,17.0,25-May,Saturday,星期六,0.0,,,,,,,,,,,,,
2025/5/18,,,,,,,16.0,,,,,,,,,,,,,
2025/5/19,2025.0,5.0,19.0,25-May,Monday,星期一,0.0,,,,,,,,,,,,,
2025/5/20,2025.0,5.0,20.0,25-May,Tuesday,星期二,6.0,,,,,,,,,,,,,
2025/5/21,,,,,,,15.0,,,,,,,,,,,,,
2025/5/22,,,,,,,23.0,,,,,,,,,,,,,
2025/5/23,,,,,,,20.0,,,,,,,,,,,,,
2025/5/24,,,,,,,8.0,,,,,,,,,,,,,
2025/5/25,2025.0,5.0,25.0,25-May,Sunday,星期日,1.0,1.0,,,,,,,,,,,,
2025/5/26,,,,,,,4.0,,,,,,,,,,1.0,,,
2025/5/27,2025.0,5.0,27.0,25-May,Tuesday,星期二,34.0,1.0,,,,,,,,,,,,
2025/5/28,,,,,,,31.0,,,,,,,,,,,,,
2025/5/29,2025.0,5.0,29.0,25-May,Thursday,星期四,0.0,,,,,,,,,,,,,
2025/5/30,,,,,,,16.0,,,,,,,,,,,,,
2025/5/31,,,,,,,12.0,,,,,,,,,,,,,
2025/6/1,,,,,,,5.0,,,,,,,,,,,,,
2025/6/2,2025.0,6.0,2.0,25-Jun,Monday,星期一,6.0,1.0,,,,,,,,,,,,
2025/6/3,,,,,,,3.0,,,,,,,,,,,,,
2025/6/4,,,,,,,2.0,,,,,,,,,,,,,
2025/6/5,,,,,,,24.0,,,,,,,,,,,,,
2025/6/6,,,,,,,38.0,,,,,,,,,,,,,
2025/6/7,,,,,,,34.0,,,,,,,,,,,,,
2025/6/8,2025.0,6.0,8.0,25-Jun,Sunday,星期日,11.0,1.0,,,,,,,,,,,,
2025/6/9,2025.0,6.0,9.0,25-Jun,Monday,星期一,7.0,1.0,,,,,,,,,,,,
2025/6/10,,,,,,,14.0,,,,,,,,,,,,,
2025/6/11,,,,,,,43.0,,,,,,,,,,,,,
2025/6/12,,,,,,,10.0,,,,,,,,,,,,,
2025/6/13,,,,,,,15.0,,,,,,,,,,,,,
2025/6/14,2025.0,6.0,14.0,25-Jun,Saturday,星期六,0.0,,,,,,,,,,,,,
2025/6/15,2025.0,6.0,15.0,25-Jun,Sunday,星期日,0.0,,,,,,,,,,,,,
2025/6/16,2025.0,6.0,16.0,25-Jun,Monday,星期一,0.0,,,,,,,,,,,,,
2025/6/17,2025.0,6.0,17.0,25-Jun,Tuesday,星期二,17.0,1.0,,,,,,,,,,,,
2025/6/18,2025.0,6.0,18.0,25-Jun,Wednesday,星期三,7.0,,,,,,英國皇家海軍巡邏艦「史佩號」通過台灣海峽,,,,,,,
2025/6/19,,,,,,,25.0,,,,,,,,,,,,,
2025/6/20,2025.0,6.0,20.0,25-Jun,Friday,星期五,50.0,1.0,,,,,,,,1.0,1.0,,,
2025/6/21,,,,,,,40.0,,,,,,,,,,,,,
2025/6/22,,,,,,,12.0,,,,,,,,,,,,,
2025/6/23,2025.0,6.0,23.0,25-Jun,Monday,星期一,5.0,1.0,,,,,,,,,,,,
2025/6/24,,,,,,,12.0,,,,,,,,,,,,,
2025/6/25,,,,,,,37.0,,,,,,,,,,,,,
2025/6/26,,,,,,,33.0,,,,,,,,,,,,,
2025/6/27,,,,,,,29.0,,,,,,,,,,,,,
2025/6/28,,,,,,,4.0,,,,,,,,,,,,,
2025/6/29,,,,,,,8.0,,,,,,,,,,,,,
2025/6/30,,,,,,,6.0,,,,,,,,,,,,,
2025/7/1,,,,,,,7.0,,,,,,,,,,,,,
2025/7/2,,,,,,,53.0,,,,,,,,,1.0,,,,
2025/7/3,,,,,,,41.0,,,,,,,,,,,,,
2025/7/4,,,,,,,41.0,,,,,,,,,,,,,
2025/7/5,,,,,,,18.0,,,,,,,,,,,,,
2025/7/6,2025.0,7.0,6.0,25-Jul,Sunday,星期日,0.0,,,,,,,,,,1.0,,,
2025/7/7,2025.0,7.0,7.0,25-Jul,Monday,星期一,0.0,0.0,,,,,,,,,,,,
2025/7/8,2025.0,7.0,8.0,25-Jul,Tuesday,星期二,0.0,,,,,,,,,,,,,
2025/7/9,,,,,,,31.0,,,,,,,,,,,,,
2025/7/10,,,,,,,12.0,,,,,,,,,,,,,
2025/7/11,2025.0,7.0,11.0,25-Jul,Friday,星期五,0.0,,,,,,,,,,,,,
2025/7/12,,,,,,,14.0,,,,,,,,,,,,,
2025/7/13,,,,,,,11.0,,,,,,,,,,,,,
2025/7/14,,,,,,,17.0,,,,,,,,,,,,,
2025/7/15,,,,,,,26.0,,,,,,,,,,,,,
2025/7/16,,,,,,,18.0,,,,,,,,,,,,,
2025/7/17,,,,,,,58.0,,,,,,,,,,,,,
2025/7/18,2025.0,7.0,18.0,25-Jul,Friday,星期五,11.0,,,,,,,,,,,,,
2025/7/19,,,,,,,18.0,,,,,,,,,,,,,
2025/7/20,2025.0,7.0,20.0,25-Jul,Sunday,星期日,0.0,,,,,,,,,,,,,
2025/7/21,,,,,,,1.0,,,,,,,,,,,,,
2025/7/22,2025.0,7.0,22.0,25-Jul,Tuesday,星期二,0.0,0.0,,,,,,,,,,,,
2025/7/23,,,,,,,4.0,,,,,,,,,,,,,
2025/7/24,2025.0,7.0,24.0,25-Jul,Thursday,星期四,48.0,1.0,,,,,,,,,1.0,,1.0,
2025/7/25,,,,,,,26.0,,,,,,,,,,,,,
2025/7/26,,,,,,,17.0,,,,,,,,,,,,,
2025/7/27,,,,,,,4.0,,,,,,,,,,,,,
2025/7/28,,,,,,,4.0,,,,,,,,,,,,,
2025/7/29,,,,,,,3.0,,,,,,,,,,,,,
2025/7/30,,,,,,,11.0,,,,,,,,,,,,,
2025/7/31,,,,,,,37.0,,,,,,,,,,,,,
2025/8/1,,,,,,,20.0,,,,,,,,,,,,,
2025/8/2,,,,,,,11.0,,,,,,,,,,1.0,,,
2025/8/3,,,,,,,5.0,,,,,,,,,,,,,
2025/8/4,,,,,,,5.0,,,,,,,,,,,,,
2025/8/5,,,,,,,12.0,,,,,,,,,,,,,
2025/8/6,,,,,,,16.0,,,,,,,,,,,,,
2025/8/7,2025.0,8.0,7.0,25-Aug,Thursday,星期四,15.0,0.0,,,,,,,,,1.0,,1.0,
2025/8/8,,,,,,,57.0,,,,,,,,,,1.0,,1.0,
2025/8/9,,,,,,,54.0,,,,,,,,,,,,,
2025/8/10,,,,,,,8.0,,,,,,,,,,1.0,,,
2025/8/11,,,,,,,12.0,,,,,,,,,,,,,
2025/8/12,,,,,,,14.0,,,,,,,,,,,,,
2025/8/13,,,,,,,14.0,,,,,,,,,,,,,
2025/8/14,,,,,,,8.0,,,,,,,,,,,,,
2025/8/15,,,,,,,7.0,,,,,,,,,,,,,
2025/8/16,,,,,,,21.0,,,,,,,,,,,,,
2025/8/17,,,,,,,6.0,,,,,,,,,,,,,
2025/8/18,,,,,,,6.0,,,,,,,,,,,,,
2025/8/19,,,,,,,10.0,,,,,,,,,,,,,
2025/8/20,,,,,,,21.0,,,,,,,,,,,,,
2025/8/21,,,,,,,22.0,,,,,,,,,,,,,
2025/8/22,,,,,,,22.0,,,,,,,,,,,,,
2025/8/23,,,,,,,22.0,,,,,,,,,,,,,
2025/8/24,,,,,,,4.0,,,,,,,,,,,,,
2025/8/25,,,,,,,9.0,,,,,,,,,,,,,
2025/8/26,,,,,,,6.0,,,,,,,,,,,,,
2025/8/27,,,,,,,23.0,,,,,,,,,,,,,
2025/8/28,,,,,,,41.0,,,,,,,,,,,,,
2025/8/29,2025.0,8.0,29.0,25-Aug,Friday,星期五,19.0,,,,,,,,,,,,,
2025/8/30,,,,,,,15.0,,,,,,,,,,,,,
2025/8/31,,,,,,,5.0,,,,,,,,,,,,,
2025/9/1,,,,,,,8.0,,,,,,,,,,,,,
2025/9/2,,,,,,,10.0,,,,,,,,,,,,,
2025/9/3,,,,,,,9.0,,,,,,,,,,,,,
2025/9/4,,,,,,,6.0,,,,,,,,,,,,,
2025/9/5,,,,,,,17.0,,,,,,,,,,,,,
2025/9/6,2025.0,9.0,6.0,25-Sep,Saturday,星期六,28.0,,,,,,加拿大海軍巡防艦「魁北克城號」與澳洲海軍驅逐艦「布里斯本號」編隊通過台灣海峽,,,,,,,
2025/9/7,,,,,,,21.0,,,,,,,,,,,,,
2025/9/8,,,,,,,27.0,,,,,,,,,,,,,
2025/9/9,,,,,,,3.0,,,,,,,,,,,,,
2025/9/10,,,,,,,13.0,,,,,,,,,,,,,
2025/9/11,2025.0,9.0,11.0,25-Sep,Thursday,星期四,14.0,1.0,,,,,,,,,,,,
2025/9/12,2025.0,9.0,12.0,25-Sep,Friday,星期五,22.0,,,,,,中國第三艘航空母艦「福建號」通過台灣海峽 美國海軍驅逐艦「希金斯號」與英國皇家海軍護衛艦「里契蒙號」編隊通過台灣海峽,,,,,,,
2025/9/13,2025.0,9.0,13.0,25-Sep,Saturday,星期六,31.0,0.0,,,,,台海亮燈？英美加澳軍艦都來了　共軍突在台周邊「海空聯訓」,,,,1.0,,,
2025/9/14,2025.0,9.0,14.0,25-Sep,Sunday,星期日,27.0,,,,,,加拿大與澳洲軍艦通過台灣海峽後，中國解放軍指稱其行動是「破壞台海和平穩定」,,,,,,,
2025/9/15,,,,,,,26.0,,,,,,,,,,,,,
2025/9/16,,,,,,,24.0,,,,,,,,,,1.0,,,
2025/9/17,,,,,,,31.0,,,,,,,,,,,,1.0,
2025/9/18,,,,,,,7.0,,,,,,,,,,,,,
2025/9/19,,,,,,,13.0,,,,,,,,,,,,,
2025/9/20,,,,,,,5.0,,,,,,,,,,,,,
2025/9/21,,,,,,,2.0,,,,,,,,,,,,,
2025/9/22,,,,,,,3.0,,,,,,,,,,,,,
2025/9/23,,,,,,,15.0,,,,,,,,,,,,,
2025/9/24,2025.0,9.0,24.0,25-Sep,Wednesday,星期三,0.0,0.0,,,,,,,,,,,,
2025/9/25,2025.0,9.0,25.0,25-Sep,Thursday,星期四,0.0,,,,,,,,,,,,,
2025/9/26,,,,,,,11.0,,,,,,,,,,,,,
2025/9/27,,,,,,,19.0,,,,,,,,,,,,,
2025/9/28,,,,,,,6.0,,,,,,,,,,,,,
2025/9/29,,,,,,,8.0,,,,,,,,,,,,,
2025/9/30,,,,,,,33.0,,,,,,,,,,,,,
2025/10/1,,,,,,,12.0,,,,,,,,,,,,,
2025/10/2,,,,,,,11.0,,,,,,,,,,,,,
2025/10/3,,,,,,,6.0,,,,,,,,,,,,1.0,
2025/10/4,,,,,,,10.0,,,,,,,,,,,,,
2025/10/5,,,,,,,9.0,,,,,,,,,1.0,,,,
2025/10/6,,,,,,,10.0,,,,,,,,,,,,,
2025/10/7,,,,,,,3.0,,,,,,,,,,,,,
2025/10/8,,,,,,,26.0,,,,,,,,,,,,,
2025/10/9,,,,,,,9.0,,,,,,,,,,,,,
2025/10/10,2025.0,10.0,10.0,25-Oct,Friday,星期五,8.0,0.0,,,,,,,,,1.0,,,
2025/10/11,,,,,,,7.0,,,,,,,,,,,,,
2025/10/12,,,,,,,16.0,,,,,,,,,,,,,
2025/10/13,,,,,,,13.0,,,,,,,,,,,1.0,,
2025/10/14,,,,,,,12.0,,,,,,,,,,,,,
2025/10/15,,,,,,,16.0,,,,,,,,,,,,,
2025/10/16,,,,,,,23.0,,,,,,,,,,,,,
2025/10/17,,,,,,,18.0,,,,,,,,,,,1.0,,
2025/10/18,,,,,,,27.0,,,,,,,,,,,1.0,,
2025/10/19,,,,,,,2.0,,,,,,,,,,,1.0,,
2025/10/20,,,,,,,3.0,,,,,,,,,,,,,
2025/10/21,,,,,,,2.0,,,,,,,,,,,,,
2025/10/22,2025.0,10.0,22.0,25-Oct,Wednesday,星期三,2.0,,,,,,,,,,,,,
2025/10/23,,,,,,,3.0,,,,,,,,,,,,,
2025/10/24,,,,,,,11.0,,,,,,,,,,,,,
2025/10/25,,,,,,,9.0,,,,,,,,,,,,,
2025/10/26,,,,,,,8.0,,,,,,,,,,,,,
2025/10/27,,,,,,,4.0,,,,,,,,,,,1.0,1.0,
2025/10/28,,,,,,,10.0,,,,,,,,,,,,,
2025/10/29,,,,,,,25.0,,,,,,,,,,,,,
2025/10/30,2025.0,10.0,30.0,25-Oct,Thursday,星期四,5.0,,,,,,,,,,,,,
2025/10/31,,,,,,,5.0,,,,,,,,,,,1.0,,
2025/11/1,,,,,,,5.0,,,,,,,,,,,,,
2025/11/2,2025.0,11.0,2.0,25-Nov,Sunday,星期日,6.0,,,,,,,,,,,,,
2025/11/3,,,,,,,6.0,,,,,,,,,,,,,
2025/11/4,,,,,,,2.0,,,,,,,,,,,,,
2025/11/5,,,,,,,2.0,,,,,,紐西蘭補給艦奧特亞羅瓦號（HMNZS Aotearoa）通過臺灣海峽,,,,,,,
2025/11/6,,,,,,,12.0,,,,,,,,,,,,,
2025/11/7,,,,,,,38.0,,,,,,,,,,,,,
2025/11/8,,,,,,,18.0,,,,,,,,,,,,,
2025/11/9,,,,,,,10.0,,,,,,,,,,,,,
2025/11/10,,,,,,,6.0,,,,,,,,,,,,,
2025/11/11,,,,,,,8.0,,,,,,,,,,,1.0,,
2025/11/12,2025.0,11.0,12.0,25-Nov,Wednesday,星期三,0.0,0.0,,,,,,,,,,,,
2025/11/13,2025.0,11.0,13.0,25-Nov,Thursday,星期四,0.0,,,US,TW,G8 政治聲明：七大工業國集團外長發表聯合聲明，重視台海和平並支持台灣國際參與 。,,,,,,,,
2025/11/13,2025.0,11.0,13.0,25-Nov,Thursday,星期四,0.0,,,US,TW,"川普政府批准 3.4 億美元對台軍售（戰機備件）
台灣政治聲明：台灣總統府對美國根據《台灣關係法》和「六項保證」的堅定承諾表示「誠摯感謝」，稱深化台美安全夥伴關係是印太和平穩定的「關鍵基石」。",,,,,,,,
2025/11/14,,,,,,,21.0,,,,,,,,,,,,,
2025/11/15,,,,,,,20.0,,,,,,,,,,,,,
2025/11/16,,,,,,,30.0,,,,,,,,,,,,,
2025/11/17,,,,,,,8.0,,,,,,,,,,,,,
2025/11/18,,,,,,,13.0,,,,,,,,,,,,,
2025/11/19,,,,,,,9.0,,,,,,,,,,,,,
2025/11/20,,,,,,,16.0,,,,,,,,,,,,,
2025/11/21,,,,,,,29.0,,,,,,,,,,,,,
2025/11/22,,,,,,,18.0,,,,,,,,,,,,,
2025/11/23,,,,,,,8.0,,,,,,,,,,,,,
2025/11/24,,,,,,,11.0,,,,,,,,,,,,,
2025/11/25,2025.0,11.0,25.0,25-Nov,Tuesday,星期二,20.0,0.0,,,,,,,,,,,,
2025/11/26,,,,,,,17.0,,,,,,,,,,,,,
2025/11/27,,,,,,,4.0,,,,,,,,,,,,,
2025/11/28,,,,,,,26.0,,,,,,,,,,,,,
2025/11/29,,,,,,,27.0,,,,,,,,,,,,,
2025/11/30,,,,,,,9.0,,,,,,,,,,,,,
2025/12/1,,,,,,,9.0,,,,,,,,,,,,,
2025/12/2,,,,,,,10.0,,,,,,,,,,,,,
2025/12/3,,,,,,,8.0,,,,,,,,,,,,,
2025/12/4,,,,,,,14.0,,,,,,,,,,,,,
2025/12/5,,,,,,,29.0,,,,,,,,,,1.0,,,
2025/12/6,,,,,,,2.0,,,,,,,,,,,,,
2025/12/7,,,,,,,4.0,,,,,,,,,,,,,
2025/12/8,,,,,,,8.0,,,,,,,,,,1.0,1.0,,
2025/12/9,,,,,,,7.0,,,,,,,,,,,,,
2025/12/10,,,,,,,15.0,,,,,,,,,,1.0,1.0,,
2025/12/11,,,,,,,33.0,,,,,,越南證實軍艦12月11左右通過臺灣海峽,,,,1.0,,,
2025/12/12,,,,,,,9.0,,,,,,,,,,,,,
2025/12/13,,,,,,,2.0,,,,,,,,,,,,,
2025/12/14,,,,,,,3.0,,,,,,,,,,,,,
2025/12/15,,,,,,,13.0,,,,,,,,,,,,,
2025/12/16,,,,,,,9.0,,,,,,,,,,,,,
2025/12/17,,,,,,,40.0,,,,,,,,,,,,,
2025/12/18,,,,,,,7.0,,,,,,,,,,,,,
2025/12/19,,,,,,,6.0,,,,,,,,,,,,,
2025/12/20,,,,,,,7.0,,,,,,,,,,,,,
2025/12/21,,,,,,,4.0,,,,,,,,,,,,,
2025/12/22,,,,,,,6.0,,,,,,,,,,,,,
2025/12/23,,,,,,,5.0,,,,,,,,,,,,,
2025/12/24,,,,,,,6.0,,,,,,,,,,,,,
2025/12/25,,,,,,,2.0,,,,,,,,,,,,,
2025/12/26,,,,,,,13.0,,,,,,,,,,,,,
2025/12/27,,,,,,,3.0,,,,,,,,,,,,,
2025/12/28,,,,,,,2.0,,,,,,,,,,,,,
2025/12/29,,,,,,,130.0,,,,,,,,,,,,,
2025/12/30,,,,,,,77.0,,,,,,,,,,,,,
2025/12/31,,,,,,,3.0,,,,,,,,,,,,,
2026/1/1,,,,,,,0.0,,,,,,,,,,,,,
2026/1/2,,,,,,,0.0,,,,,,,,,,,,,
2026/1/3,,,,,,,4.0,,,,,,,,,,,,,
2026/1/4,,,,,,,0.0,,,,,,,,,,,,,
2026/1/5,,,,,,,3.0,,,,,,,,,0.0,0.0,0.0,0.0,
2026/1/6,,,,,,,8.0,,,,,,,,,,,,,
2026/1/7,,,,,,,11.0,,,,,,,,,,,,,
2026/1/8,,,,,,,9.0,,,,,,,,,0.0,0.0,0.0,1.0,
2026/1/9,,,,,,,23.0,,,,,,,,,,,,,
2026/1/10,,,,,,,3.0,,,,,,,,,,,,,
2026/1/11,,,,,,,4.0,,,,,,,,,,,,,
2026/1/12,,,,,,,0.0,,,,,,,,,,,,,
2026/1/13,,,,,,,10.0,,,,,,,,,,,,,
2026/01/14,2026.0,1.0,14.0,26-Jan,Wednesday,星期三,20.0,,CN,TW,,國台辦：民進黨改變不了‘台獨’必然敗亡下場，反對勾連外部勢力，強調一個中國原則，多國支持。,,-0.8,negative,,,,,
2026/1/15,,,,,,,9.0,,,,,,,,,1.0,1.0,0.0,1.0,
2026/01/16,2026.0,1.0,16.0,26-Jan,Friday,星期五,34.0,,CN,US,美國和中国台灣地區達成貿易協議削減台對美半導體出口關稅,堅決反對建交國與中國台灣地區商簽任何具有主權意涵和官方性質的協定，美方應恪守一個中國原則。,美國約翰·芬號（DDG 113）和探路者級海洋調查船瑪麗·西爾斯”號（T-AGS 65）,-0.7,negative,0.0,0.0,0.0,0.0,
2026/01/17,2026.0,1.0,17.0,26-Jan,Saturday,星期六,26.0,,TW,CN,,台灣‘和平時講’論壇呼籲兩岸對話和平，反對對抗，批評民進黨政策將台灣推向風險。,,0.7,positive,,,,,
2026/1/18,,,,,,,26.0,,,,,,,,,,,,,
2026/1/19,,,,,,,2.0,,,,,,,,,1.0,1.0,0.0,0.0,
2026/1/20,,,,,,,2.0,,,,,,,,,0.0,0.0,0.0,0.0,
2026/1/21,,,,,,,4.0,,,,,,,,,,,,,
2026/1/22,,,,,,,2.0,,,,,,,,,,,,,
2026/1/23,,,,,,,11.0,,,,,,,,,0.0,0.0,0.0,0.0,
2026/1/24,,,,,,,26.0,,,,,,,,,,,,,
2026/1/25,,,,,,,4.0,,,,,,,,,,,,,
2026/1/26,,,,,,,5.0,,,,,,,,,0.0,1.0,0.0,0.0,
2026/1/27,,,,,,,2.0,,,,,,,,,,,,,
2026/1/28,,,,,,,4.0,,,,,,,,,0.0,1.0,0.0,0.0,
2026/1/29,,,,,,,5.0,,,,,,,,,,,,,
2026/1/30,,,,,,,26.0,,,,,,,,,,,,,
2026/1/31,,,,,,,3.0,,,,,,,,,,,,,
2026/2/1,,,,,,,1.0,,,,,,,,,,,,,
2026/2/2,,,,,,,0.0,,,,,,,,,0.0,0.0,0.0,0.0,
2026/2/3,,,,,,,2.0,,,,,,,,,,,,,
2026/2/4,,,,,,,13.0,,,,,,,,,0.0,0.0,0.0,0.0,
2026/2/5,,,,,,,12.0,,,,,,,,,,,,,
2026/2/6,,,,,,,8.0,,,,,,,,,,,,,
2026/2/7,,,,,,,6.0,,,,,,,,,,,,,
2026/2/8,,,,,,,0.0,,,,,,,,,,,,,
2026/2/9,,,,,,,4.0,,,,,,,,,,,,,
2026/2/10,,,,,,,9.0,,,,,,,,,,,,,
2026/2/11,,,,,,,17.0,,,,,,,,,,,,,
2026/2/12,,,,,,,42.0,,,,,,,,,,,,,
2026/2/13,,,,,,,0.0,,,,,,,,,,,,,
2026/2/14,,,,,,,1.0,,,,,,,,,,,,1.0,俄羅斯
2026/2/15,,,,,,,11.0,,,,,,,,,,,,,
2026/2/16,,,,,,,3.0,,,,,,,,,1.0,0.0,0.0,0.0,俄羅斯
2026/2/17,,,,,,,0.0,,,,,,,,,,,,,
2026/2/18,,,,,,,0.0,,,,,,,,,,,,,
2026/2/19,,,,,,,0.0,,,,,,,,,,,,,
2026/2/20,,,,,,,14.0,,,,,,"澳洲皇家海軍巡防衛艦「土烏巴號」（HMAS Toowoomba, FFH 156）現蹤台海",,,0.0,0.0,0.0,0.0,中國
2026/2/21,,,,,,,8.0,,,,,,,,,,,,,
2026/2/22,,,,,,,8.0,,,,,,澳洲軍艦通過台海國防部：國際水域享有航行權利,,,,,,,
2026/2/23,,,,,,,0.0,,,,,,,,,,,,,
2026/2/24,,,,,,,0.0,,,,,,,,,,,,,
2026/2/25,,,,,,,0.0,,,,,,,,,,,,,
2026/2/26,,,,,,,30.0,,,,,,,,,,,,,
2026/2/27,,,,,,,8.0,,,,,,,,,0.0,0.0,0.0,0.0,
2026/2/28,,,,,,,0.0,,,,,,,,,,,,,
2026/3/1,,,,,,,0.0,,,,,,,,,,,,,
2026/3/2,,,,,,,0.0,,,,,,,,,0.0,1.0,0.0,0.0,
2026/3/3,,,,,,,0.0,,,,,,,,,,,,,
2026/3/4,,,,,,,0.0,,,,,,,,,,,,,
2026/3/5,,,,,,,0.0,,,,,,,,,,,,1.0,
2026/3/6,,,,,,,0.0,,,,,,,,,0.0,0.0,0.0,1.0,
2026/3/7,,,,,,,2.0,,,,,,,,,,,,,
2026/3/8,,,,,,,0.0,,,,,,,,,,,,,
2026/3/9,,,,,,,0.0,,,,,,,,,1.0,0.0,0.0,0.0,俄羅斯
2026/3/10,,,,,,,0.0,,,,,,,,,0.0,0.0,0.0,0.0,俄羅斯
2026/3/11,,,,,,,0.0,,,,,,,,,,,,,
2026/3/12,,,,,,,5.0,,,,,,,,,,,,,
2026/3/13,,,,,,,3.0,,,,,,,,,,,,,
2026/3/14,,,,,,,3.0,,,,,,,,,,,,,
2026/3/15,,,,,,,26.0,,,,,,,,,1.0,0.0,0.0,0.0,俄羅斯
2026/3/16,,,,,,,2.0,,,,,,,,,0.0,0.0,0.0,0.0,俄羅斯
2026/3/17,,,,,,,2.0,,,,,,,,,0.0,0.0,0.0,1.0,俄羅斯
2026/3/18,,,,,,,36.0,,,,,,,,,0.0,0.0,0.0,0.0,俄羅斯
2026/3/19,,,,,,,12.0,,,,,,,,,,,,,
2026/3/20,,,,,,,6.0,,,,,,,,,,,,,
2026/3/21,,,,,,,2.0,,,,,,,,,,,,,
2026/3/22,,,,,,,0.0,,,,,,,,,,,,,
2026/3/23,,,,,,,0.0,,,,,,,,,,,,,
2026/3/24,,,,,,,3.0,,,,,,,,,,,,,
2026/3/25,,,,,,,16.0,,,,,,,,,0.0,0.0,0.0,0.0,
2026/3/26,,,,,,,4.0,,,,,,,,,,,,,
2026/3/27,,,,,,,6.0,,,,,,,,,0.0,0.0,0.0,0.0,俄羅斯
2026/3/28,,,,,,,13.0,,,,,,,,,,,,,
2026/3/29,,,,,,,19.0,,,,,,,,,0.0,0.0,0.0,1.0,中國
2026/3/30,,,,,,,0.0,,,,,,,,,0.0,0.0,0.0,1.0,中國、俄羅斯
2026/3/31,,,,,,,0.0,,,,,,,,,0.0,0.0,0.0,0.0,中國
2026/4/1,,,,,,,11.0,,,,,,,,,,,,,
2026/4/2,,,,,,,25.0,,,,,,,,,,,,,
2026/4/3,,,,,,,2.0,,,,,,,,,,,,,
2026/4/4,,,,,,,2.0,,,,,,,,,,,,,
2026/4/5,,,,,,,0.0,,,,,,,,,,,,,
2026/4/6,,,,,,,3.0,,,,,,,,,,,,,
2026/4/7,,,,,,,0.0,,,,,,,,,0.0,0.0,0.0,0.0,俄羅斯
2026/4/8,,,,,,,2.0,,,,,,,,,,,,,
2026/4/9,,,,,,,6.0,,,,,,,,,0.0,0.0,0.0,1.0,中國
2026/4/10,,,,,,,7.0,,,,,,,,,0.0,0.0,0.0,0.0,中國
2026/4/11,,,,,,,17.0,,,,,,,,,0.0,0.0,1.0,0.0,中國
2026/4/12,,,,,,,2.0,,,,,,,,,,,,,
2026/4/13,,,,,,,0.0,,,,,,,,,0.0,0.0,0.0,0.0,中國
2026/4/14,,,,,,,9.0,,,,,,,,,0.0,0.0,0.0,0.0,
2026/4/15,,,,,,,5.0,,,,,,,,,,,,,
2026/4/16,,,,,,,3.0,,,,,,,,,,,,,
2026/4/17,,,,,,,5.0,,,,,,"雷號（JS Ikazuchi, DD-107）",,,,,,,
2026/4/18,,,,,,,5.0,,,,,,,,,,,,,
2026/4/19,,,,,,,2.0,,,,,,,,,,,,,
2026/4/20,,,,,,,5.0,,,,,,,,,0.0,0.0,0.0,0.0,中國
2026/4/21,,,,,,,24.0,,,,,,,,,1.0,0.0,0.0,0.0,俄羅斯
2026/4/22,,,,,,,6.0,,,,,,,,,1.0,0.0,0.0,0.0,中國、俄羅斯
2026/4/23,,,,,,,15.0,,,,,,,,,0.0,0.0,0.0,1.0,俄羅斯
2026/4/24,,,,,,,2.0,,,,,,,,,0.0,0.0,0.0,0.0,俄羅斯
2026/4/25,,,,,,,8.0,,,,,,,,,,,,,
2026/4/26,,,,,,,28.0,,,,,,,,,,,,,
2026/4/27,,,,,,,7.0,,,,,,,,,0.0,0.0,0.0,1.0,中國
2026/4/28,,,,,,,22.0,,,,,,,,,0.0,0.0,0.0,1.0,中國
2026/4/29,,,,,,,10.0,,,,,,,,,,,,,
2026/4/30,,,,,,,2.0,,,,,,,,,0.0,0.0,0.0,0.0,中國
2026/5/1,,,,,,,4.0,,,,,,,,,,,,,
2026/5/2,,,,,,,29.0,,,,,,,,,0.0,0.0,0.0,1.0,中國
2026/5/3,,,,,,,0.0,,,,,,,,,0.0,0.0,0.0,1.0,俄羅斯
2026/5/4,,,,,,,2.0,,,,,,,,,,,,,
2026/5/5,,,,,,,0.0,,,,,,,,,,,,,
2026/5/6,,,,,,,0.0,,,,,,,,,,,,,
2026/5/7,,,,,,,22.0,,,,,,,,,0.0,0.0,0.0,0.0,中國、俄羅斯
2026/5/8,,,,,,,12.0,,,,,,,,,,,,,
2026/5/9,,,,,,,8.0,,,,,,,,,0.0,0.0,0.0,1.0,俄羅斯
2026/5/10,,,,,,,12.0,,,,,,,,,,,,,
2026/5/11,,,,,,,7.0,,,,,,,,,0.0,0.0,0.0,0.0,俄羅斯
2026/5/12,,,,,,,9.0,,,,,,,,,1.0,0.0,0.0,0.0,俄羅斯
2026/5/13,,,,,,,2.0,,,,,,,,,0.0,0.0,0.0,0.0,俄羅斯
2026/5/14,,,,,,,3.0,,,,,,,,,,,,,
2026/5/15,,,,,,,0.0,,,,,,,,,,,,,
2026/5/16,,,,,,,0.0,,,,,,,,,,,,,
2026/5/17,,,,,,,5.0,,,,,,,,,,,,,
2026/5/18,,,,,,,7.0,,,,,,,,,,,,,
2026/5/19,,,,,,,13.0,,,,,,,,,0.0,1.0,0.0,0.0,中國
2026/5/20,,,,,,,24.0,,,,,,,,,,,,,
2026/5/21,,,,,,,7.0,,,,,,,,,0.0,0.0,0.0,0.0,俄羅斯
2026/5/22,,,,,,,6.0,,,,,,,,,0.0,1.0,0.0,0.0,中國
2026/5/23,,,,,,,16.0,,,,,,,,,,,,,
2026/5/24,,,,,,,4.0,,,,,,,,,,,,,
2026/5/25,,,,,,,9.0,,,,,,,,,0.0,0.0,0.0,0.0,中國
2026/5/26,,,,,,,29.0,,,,,,,,,0.0,0.0,0.0,0.0,中國
2026/5/27,,,,,,,10.0,,,,,,,,,,,,,
2026/5/28,,,,,,,9.0,,,,,,,,,0.0,0.0,0.0,0.0,中國
2026/5/29,,,,,,,10.0,,,,,,,,,,,,,
2026/5/30,,,,,,,16.0,,,,,,,,,,,,,
2026/5/31,,,,,,,0.0,,,,,,,,,,,,,
2026/6/1,,,,,,,0.0,,,,,,,,,0.0,0.0,0.0,0.0,中國
2026/6/2,,,,,,,7.0,,,,,,,,,,,,,
2026/6/3,,,,,,,18.0,,,,,,,,,,,,,
2026/6/4,,,,,,,32.0,,,,,,,,,0.0,0.0,0.0,0.0,俄羅斯
2026/6/5,,,,,,,7.0,,,,,,,,,,,,,
2026/6/6,,,,,,,22.0,,,,,,,,,,,,,
2026/6/7,,,,,,,4.0,,,,,,,,,,,,,
2026/6/8,,,,,,,2.0,,,,,,,,,,,,,
2026/6/9,,,,,,,0.0,,,,,,,,,,,,,
2026/6/10,,,,,,,0.0,,,,,,,,,0.0,0.0,1.0,0.0,中國
2026/6/11,,,,,,,11.0,,,,,,,,,0.0,0.0,0.0,0.0,中國
2026/6/12,,,,,,,14.0,,,,,,,,,0.0,0.0,0.0,0.0,中國
2026/6/13,,,,,,,6.0,,,,,,,,,,,,,
2026/6/14,,,,,,,0.0,,,,,,,,,,,,,
2026/6/15,,,,,,,0.0,,,,,,,,,,,,,
2026/6/16,,,,,,,0.0,,,,,,,,,,,,,
2026/6/17,,,,,,,0.0,,,,,,,,,,,,,
2026/6/18,,,,,,,0.0,,,,,,,,,,,,,
2026/6/19,,,,,,,4.0,,,,,,,,,0.0,1.0,0.0,0.0,中國
2026/6/20,,,,,,,5.0,,,,,,,,,0.0,1.0,0.0,0.0,中國
2026/6/21,,,,,,,2.0,,,,,,,,,,,,,
2026/6/22,,,,,,,23.0,,,,,,,,,0.0,0.0,0.0,0.0,中國
2026/6/23,,,,,,,6.0,,,,,,,,,,,,,
2026/6/24,,,,,,,11.0,,,,,,,,,0.0,0.0,0.0,1.0,中國
2026/6/25,,,,,,,14.0,,,,,,,,,0.0,0.0,0.0,1.0,中國、俄羅斯
2026/6/26,,,,,,,2.0,,,,,,,,,0.0,1.0,0.0,0.0,中國
2026/6/27,,,,,,,0.0,,,,,,,,,1.0,0.0,1.0,1.0,中國、俄羅斯
2026/6/28,,,,,,,0.0,,,,,,,,,0.0,0.0,0.0,0.0,中國、俄羅斯
2026/6/29,,,,,,,0.0,,,,,,,,,0.0,0.0,1.0,1.0,中國、俄羅斯
2026/6/30,,,,,,,2.0,,,,,,,,,0.0,1.0,0.0,0.0,中國、俄羅斯
2026/7/1,,,,,,,13.0,,,,,,,,,0.0,1.0,0.0,1.0,中國、俄羅斯
2026/7/2,,,,,,,5.0,,,,,,,,,0.0,0.0,0.0,0.0,俄羅斯
2026/7/3,,,,,,,30.0,,,,,,,,,,,,,
2026/7/4,,,,,,,8.0,,,,,,,,,,,,,
2026/7/5,,,,,,,0.0,,,,,,,,,,,,,
2026/7/6,,,,,,,5.0,,,,,,,,,0.0,0.0,0.0,0.0,中國
2026/7/7,,,,,,,4.0,,,,,,,,,0.0,0.0,1.0,0.0,中國
2026/7/8,,,,,,,9.0,,,,,,,,,0.0,0.0,0.0,0.0,
2026/7/9,,,,,,,28.0,,,,,,,,,0.0,0.0,0.0,0.0,中國
2026/7/10,,,,,,,0.0,,,,,,,,,0.0,0.0,0.0,0.0,俄羅斯
2026/7/11,,,,,,,0.0,,,,,,,,,,,,,
2026/7/12,,,,,,,0.0,,,,,,,,,,,,,
2026/7/13,,,,,,,0.0,,,,,,,,,,,,,
2026/7/14,,,,,,,3.0,,,,,,,,,,,,,
2026/7/15,,,,,,,6.0,,,,,,"亨森號（USNS Henson, T-AGS 63）",,,0.0,0.0,0.0,1.0,俄羅斯
2026/7/16,,,,,,,5.0,,,,,,,,,0.0,1.0,0.0,0.0,中國、俄羅斯
2026/7/17,,,,,,,9.0,,,,,,,,,,,,,
2026/7/18,,,,,,,0.0,,,,,,,,,,,,,
2026/7/19,,,,,,,10.0,,,,,,,,,0.0,1.0,0.0,0.0,中國
2026/7/20,,,,,,,2.0,,,,,,,,,0.0,0.0,0.0,0.0,中國、俄羅斯
2026/7/21,,,,,,,4.0,,,,,,,,,0.0,0.0,0.0,0.0,中國、俄羅斯
2026/7/22,,,,,,,12.0,,,,,,,,,0.0,0.0,0.0,0.0,俄羅斯
2026/7/23,,,,,,,21.0,,,,,,,,,,,,,
2026/7/24,,,,,,,8.0,,,,,,,,,0.0,0.0,0.0,0.0,俄羅斯
2026/7/25,,,,,,,29.0,,,,,,,,,0.0,0.0,0.0,0.0,中國
,,,,NaT,,,,,,,,,,,,,,,,
,,,,NaT,,,,,,,,,,,,,,,,
,,,,NaT,,,,,,,,,,,,,,,,
,,,,NaT,,,,,,,,,,,,,,,,
,,,,NaT,,,,,,,,,,,,,,,,
,,,,NaT,,,,,,,,,,,,,,,,
,,,,NaT,,,,,,,,,,,,,,,,
,,,,NaT,,,,,,,,,,,,,,,,
,,,,NaT,,,,,,,,,,,,,,,,
,,,,NaT,,,,,,,,,,,,,,,,
,,,,NaT,,,,,,,,,,,,,,,,
,,,,NaT,,,,,,,,,,,,,,,,
,,,,NaT,,,,,,,,,,,,,,,,
,,,,NaT,,,,,,,,,,,,,,,,
,,,,NaT,,,,,,,,,,,,,,,,
,,,,NaT,,,,,,,,,,,,,,,,
,,,,NaT,,,,,,,,,,,,,,,,
,,,,NaT,,,,,,,,,,,,,,,,
,,,,NaT,,,,,,,,,,,,,,,,
,,,,NaT,,,,,,,,,,,,,,,,
,,,,NaT,,,,,,,,,,,,,,,,
,,,,NaT,,,,,,,,,,,,,,,,
,,,,NaT,,,,,,,,,,,,,,,,
,,,,NaT,,,,,,,,,,,,,,,,
,,,,NaT,,,,,,,,,,,,,,,,
,,,,NaT,,,,,,,,,,,,,,,,
,,,,NaT,,,,,,,,,,,,,,,,
,,,,NaT,,,,,,,,,,,,,,,,
,,,,NaT,,,,,,,,,,,,,,,,
,,,,NaT,,,,,,,,,,,,,,,,
,,,,NaT,,,,,,,,,,,,,,,,
,,,,NaT,,,,,,,,,,,,,,,,
,,,,NaT,,,,,,,,,,,,,,,,
,,,,NaT,,,,,,,,,,,,,,,,
,,,,NaT,,,,,,,,,,,,,,,,
,,,,NaT,,,,,,,,,,,,,,,,
,,,,NaT,,,,,,,,,,,,,,,,
,,,,NaT,,,,,,,,,,,,,,,,
,,,,NaT,,,,,,,,,,,,,,,,
,,,,NaT,,,,,,,,,,,,,,,,
,,,,NaT,,,,,,,,,,,,,,,,
,,,,NaT,,,,,,,,,,,,,,,,
,,,,NaT,,,,,,,,,,,,,,,,
,,,,NaT,,,,,,,,,,,,,,,,
,,,,NaT,,,,,,,,,,,,,,,,
,,,,NaT,,,,,,,,,,,,,,,,
,,,,NaT,,,,,,,,,,,,,,,,
,,,,NaT,,,,,,,,,,,,,,,,
,,,,NaT,,,,,,,,,,,,,,,,
,,,,NaT,,,,,,,,,,,,,,,,
,,,,NaT,,,,,,,,,,,,,,,,
,,,,NaT,,,,,,,,,,,,,,,,
,,,,NaT,,,,,,,,,,,,,,,,
,,,,NaT,,,,,,,,,,,,,,,,
,,,,NaT,,,,,,,,,,,,,,,,
,,,,NaT,,,,,,,,,,,,,,,,
,,,,NaT,,,,,,,,,,,,,,,,
,,,,NaT,,,,,,,,,,,,,,,,
,,,,NaT,,,,,,,,,,,,,,,,
,,,,NaT,,,,,,,,,,,,,,,,
,,,,NaT,,,,,,,,,,,,,,,,
,,,,NaT,,,,,,,,,,,,,,,,
,,,,NaT,,,,,,,,,,,,,,,,
,,,,NaT,,,,,,,,,,,,,,,,
,,,,NaT,,,,,,,,,,,,,,,,
,,,,NaT,,,,,,,,,,,,,,,,
,,,,NaT,,,,,,,,,,,,,,,,
,,,,NaT,,,,,,,,,,,,,,,,
,,,,NaT,,,,,,,,,,,,,,,,
,,,,NaT,,,,,,,,,,,,,,,,
,,,,NaT,,,,,,,,,,,,,,,,
,,,,NaT,,,,,,,,,,,,,,,,
,,,,NaT,,,,,,,,,,,,,,,,
,,,,NaT,,,,,,,,,,,,,,,,
,,,,NaT,,,,,,,,,,,,,,,,
,,,,NaT,,,,,,,,,,,,,,,,
,,,,NaT,,,,,,,,,,,,,,,,
,,,,NaT,,,,,,,,,,,,,,,,
,,,,NaT,,,,,,,,,,,,,,,,
,,,,NaT,,,,,,,,,,,,,,,,
,,,,NaT,,,,,,,,,,,,,,,,
,,,,NaT,,,,,,,,,,,,,,,,
,,,,NaT,,,,,,,,,,,,,,,,
,,,,NaT,,,,,,,,,,,,,,,,
,,,,NaT,,,,,,,,,,,,,,,,
,,,,NaT,,,,,,,,,,,,,,,,
,,,,NaT,,,,,,,,,,,,,,,,
,,,,NaT,,,,,,,,,,,,,,,,
,,,,NaT,,,,,,,,,,,,,,,,
,,,,NaT,,,,,,,,,,,,,,,,
,,,,NaT,,,,,,,,,,,,,,,,
,,,,NaT,,,,,,,,,,,,,,,,
,,,,NaT,,,,,,,,,,,,,,,,
,,,,NaT,,,,,,,,,,,,,,,,
,,,,NaT,,,,,,,,,,,,,,,,
,,,,NaT,,,,,,,,,,,,,,,,
,,,,NaT,,,,,,,,,,,,,,,,
,,,,NaT,,,,,,,,,,,,,,,,
,,,,NaT,,,,,,,,,,,,,,,,
,,,,NaT,,,,,,,,,,,,,,,,
,,,,NaT,,,,,,,,,,,,,,,,
,,,,NaT,,,,,,,,,,,,,,,,
,,,,NaT,,,,,,,,,,,,,,,,
,,,,NaT,,,,,,,,,,,,,,,,
,,,,NaT,,,,,,,,,,,,,,,,
,,,,NaT,,,,,,,,,,,,,,,,
,,,,NaT,,,,,,,,,,,,,,,,
,,,,NaT,,,,,,,,,,,,,,,,
,,,,NaT,,,,,,,,,,,,,,,,
,,,,NaT,,,,,,,,,,,,,,,,
,,,,NaT,,,,,,,,,,,,,,,,
,,,,NaT,,,,,,,,,,,,,,,,
,,,,NaT,,,,,,,,,,,,,,,,
,,,,NaT,,,,,,,,,,,,,,,,
,,,,NaT,,,,,,,,,,,,,,,,
,,,,NaT,,,,,,,,,,,,,,,,
,,,,NaT,,,,,,,,,,,,,,,,
,,,,NaT,,,,,,,,,,,,,,,,
,,,,NaT,,,,,,,,,,,,,,,,
,,,,NaT,,,,,,,,,,,,,,,,
,,,,NaT,,,,,,,,,,,,,,,,
,,,,NaT,,,,,,,,,,,,,,,,
,,,,NaT,,,,,,,,,,,,,,,,
,,,,NaT,,,,,,,,,,,,,,,,
,,,,NaT,,,,,,,,,,,,,,,,
,,,,NaT,,,,,,,,,,,,,,,,
,,,,NaT,,,,,,,,,,,,,,,,
,,,,NaT,,,,,,,,,,,,,,,,
,,,,NaT,,,,,,,,,,,,,,,,
,,,,NaT,,,,,,,,,,,,,,,,
,,,,NaT,,,,,,,,,,,,,,,,
,,,,NaT,,,,,,,,,,,,,,,,
,,,,NaT,,,,,,,,,,,,,,,,
,,,,NaT,,,,,,,,,,,,,,,,
,,,,NaT,,,,,,,,,,,,,,,,
,,,,NaT,,,,,,,,,,,,,,,,
,,,,NaT,,,,,,,,,,,,,,,,
,,,,NaT,,,,,,,,,,,,,,,,
,,,,NaT,,,,,,,,,,,,,,,,
,,,,NaT,,,,,,,,,,,,,,,,
,,,,NaT,,,,,,,,,,,,,,,,
,,,,NaT,,,,,,,,,,,,,,,,
,,,,NaT,,,,,,,,,,,,,,,,
,,,,NaT,,,,,,,,,,,,,,,,
,,,,NaT,,,,,,,,,,,,,,,,
,,,,NaT,,,,,,,,,,,,,,,,
,,,,NaT,,,,,,,,,,,,,,,,
,,,,NaT,,,,,,,,,,,,,,,,
,,,,NaT,,,,,,,,,,,,,,,,
,,,,NaT,,,,,,,,,,,,,,,,
,,,,NaT,,,,,,,,,,,,,,,,
,,,,NaT,,,,,,,,,,,,,,,,
,,,,NaT,,,,,,,,,,,,,,,,
,,,,NaT,,,,,,,,,,,,,,,,
,,,,NaT,,,,,,,,,,,,,,,,
,,,,NaT,,,,,,,,,,,,,,,,
,,,,NaT,,,,,,,,,,,,,,,,
,,,,NaT,,,,,,,,,,,,,,,,
,,,,NaT,,,,,,,,,,,,,,,,
,,,,NaT,,,,,,,,,,,,,,,,
,,,,NaT,,,,,,,,,,,,,,,,
,,,,NaT,,,,,,,,,,,,,,,,
,,,,NaT,,,,,,,,,,,,,,,,
,,,,NaT,,,,,,,,,,,,,,,,
,,,,NaT,,,,,,,,,,,,,,,,
,,,,NaT,,,,,,,,,,,,,,,,
,,,,NaT,,,,,,,,,,,,,,,,
,,,,NaT,,,,,,,,,,,,,,,,
,,,,NaT,,,,,,,,,,,,,,,,
,,,,NaT,,,,,,,,,,,,,,,,
,,,,NaT,,,,,,,,,,,,,,,,
,,,,NaT,,,,,,,,,,,,,,,,
,,,,NaT,,,,,,,,,,,,,,,,
,,,,NaT,,,,,,,,,,,,,,,,
,,,,NaT,,,,,,,,,,,,,,,,
,,,,NaT,,,,,,,,,,,,,,,,
,,,,NaT,,,,,,,,,,,,,,,,
,,,,NaT,,,,,,,,,,,,,,,,
,,,,NaT,,,,,,,,,,,,,,,,
,,,,NaT,,,,,,,,,,,,,,,,
,,,,NaT,,,,,,,,,,,,,,,,
,,,,NaT,,,,,,,,,,,,,,,,
,,,,NaT,,,,,,,,,,,,,,,,
,,,,NaT,,,,,,,,,,,,,,,,
,,,,NaT,,,,,,,,,,,,,,,,
,,,,NaT,,,,,,,,,,,,,,,,
,,,,NaT,,,,,,,,,,,,,,,,
,,,,NaT,,,,,,,,,,,,,,,,
,,,,NaT,,,,,,,,,,,,,,,,
,,,,NaT,,,,,,,,,,,,,,,,
,,,,NaT,,,,,,,,,,,,,,,,
,,,,NaT,,,,,,,,,,,,,,,,
,,,,NaT,,,,,,,,,,,,,,,,
,,,,NaT,,,,,,,,,,,,,,,,
,,,,NaT,,,,,,,,,,,,,,,,
,,,,NaT,,,,,,,,,,,,,,,,
,,,,NaT,,,,,,,,,,,,,,,,
,,,,NaT,,,,,,,,,,,,,,,,
,,,,NaT,,,,,,,,,,,,,,,,
,,,,NaT,,,,,,,,,,,,,,,,
,,,,NaT,,,,,,,,,,,,,,,,
,,,,NaT,,,,,,,,,,,,,,,,
,,,,NaT,,,,,,,,,,,,,,,,
,,,,NaT,,,,,,,,,,,,,,,,
,,,,NaT,,,,,,,,,,,,,,,,
,,,,NaT,,,,,,,,,,,,,,,,
,,,,NaT,,,,,,,,,,,,,,,,
,,,,NaT,,,,,,,,,,,,,,,,
,,,,NaT,,,,,,,,,,,,,,,,
,,,,NaT,,,,,,,,,,,,,,,,
,,,,NaT,,,,,,,,,,,,,,,,
,,,,NaT,,,,,,,,,,,,,,,,
,,,,NaT,,,,,,,,,,,,,,,,
,,,,NaT,,,,,,,,,,,,,,,,
,,,,NaT,,,,,,,,,,,,,,,,
,,,,NaT,,,,,,,,,,,,,,,,
,,,,NaT,,,,,,,,,,,,,,,,
,,,,NaT,,,,,,,,,,,,,,,,
,,,,NaT,,,,,,,,,,,,,,,,
,,,,NaT,,,,,,,,,,,,,,,,
,,,,NaT,,,,,,,,,,,,,,,,
,,,,NaT,,,,,,,,,,,,,,,,
,,,,NaT,,,,,,,,,,,,,,,,
,,,,NaT,,,,,,,,,,,,,,,,
,,,,NaT,,,,,,,,,,,,,,,,
,,,,NaT,,,,,,,,,,,,,,,,
,,,,NaT,,,,,,,,,,,,,,,,
,,,,NaT,,,,,,,,,,,,,,,,
,,,,NaT,,,,,,,,,,,,,,,,
,,,,NaT,,,,,,,,,,,,,,,,
,,,,NaT,,,,,,,,,,,,,,,,
,,,,NaT,,,,,,,,,,,,,,,,
,,,,NaT,,,,,,,,,,,,,,,,
,,,,NaT,,,,,,,,,,,,,,,,
,,,,NaT,,,,,,,,,,,,,,,,
,,,,NaT,,,,,,,,,,,,,,,,
,,,,NaT,,,,,,,,,,,,,,,,
,,,,NaT,,,,,,,,,,,,,,,,
,,,,NaT,,,,,,,,,,,,,,,,
,,,,NaT,,,,,,,,,,,,,,,,
,,,,NaT,,,,,,,,,,,,,,,,
,,,,NaT,,,,,,,,,,,,,,,,
,,,,NaT,,,,,,,,,,,,,,,,
,,,,NaT,,,,,,,,,,,,,,,,
,,,,NaT,,,,,,,,,,,,,,,,
,,,,NaT,,,,,,,,,,,,,,,,
,,,,NaT,,,,,,,,,,,,,,,,
,,,,NaT,,,,,,,,,,,,,,,,
,,,,NaT,,,,,,,,,,,,,,,,
,,,,NaT,,,,,,,,,,,,,,,,
,,,,NaT,,,,,,,,,,,,,,,,
,,,,NaT,,,,,,,,,,,,,,,,
,,,,NaT,,,,,,,,,,,,,,,,
,,,,NaT,,,,,,,,,,,,,,,,
,,,,NaT,,,,,,,,,,,,,,,,
,,,,NaT,,,,,,,,,,,,,,,,
,,,,NaT,,,,,,,,,,,,,,,,
,,,,NaT,,,,,,,,,,,,,,,,
,,,,NaT,,,,,,,,,,,,,,,,
,,,,NaT,,,,,,,,,,,,,,,,
,,,,NaT,,,,,,,,,,,,,,,,
,,,,NaT,,,,,,,,,,,,,,,,
,,,,NaT,,,,,,,,,,,,,,,,
,,,,NaT,,,,,,,,,,,,,,,,
,,,,NaT,,,,,,,,,,,,,,,,
,,,,NaT,,,,,,,,,,,,,,,,
,,,,NaT,,,,,,,,,,,,,,,,
,,,,NaT,,,,,,,,,,,,,,,,
,,,,NaT,,,,,,,,,,,,,,,,
,,,,NaT,,,,,,,,,,,,,,,,
,,,,NaT,,,,,,,,,,,,,,,,
,,,,NaT,,,,,,,,,,,,,,,,
,,,,NaT,,,,,,,,,,,,,,,,
,,,,NaT,,,,,,,,,,,,,,,,
,,,,NaT,,,,,,,,,,,,,,,,
,,,,NaT,,,,,,,,,,,,,,,,
,,,,NaT,,,,,,,,,,,,,,,,
,,,,NaT,,,,,,,,,,,,,,,,
,,,,NaT,,,,,,,,,,,,,,,,
,,,,NaT,,,,,,,,,,,,,,,,
,,,,NaT,,,,,,,,,,,,,,,,
,,,,NaT,,,,,,,,,,,,,,,,
,,,,NaT,,,,,,,,,,,,,,,,
,,,,NaT,,,,,,,,,,,,,,,,
,,,,NaT,,,,,,,,,,,,,,,,
,,,,NaT,,,,,,,,,,,,,,,,
,,,,NaT,,,,,,,,,,,,,,,,
,,,,NaT,,,,,,,,,,,,,,,,
,,,,NaT,,,,,,,,,,,,,,,,
,,,,NaT,,,,,,,,,,,,,,,,
,,,,NaT,,,,,,,,,,,,,,,,
,,,,NaT,,,,,,,,,,,,,,,,
,,,,NaT,,,,,,,,,,,,,,,,
,,,,NaT,,,,,,,,,,,,,,,,
,,,,NaT,,,,,,,,,,,,,,,,
,,,,NaT,,,,,,,,,,,,,,,,
,,,,NaT,,,,,,,,,,,,,,,,
,,,,NaT,,,,,,,,,,,,,,,,
,,,,NaT,,,,,,,,,,,,,,,,
,,,,NaT,,,,,,,,,,,,,,,,
,,,,NaT,,,,,,,,,,,,,,,,
,,,,NaT,,,,,,,,,,,,,,,,
,,,,NaT,,,,,,,,,,,,,,,,
,,,,NaT,,,,,,,,,,,,,,,,
,,,,NaT,,,,,,,,,,,,,,,,
,,,,NaT,,,,,,,,,,,,,,,,
,,,,NaT,,,,,,,,,,,,,,,,
,,,,NaT,,,,,,,,,,,,,,,,
,,,,NaT,,,,,,,,,,,,,,,,
,,,,NaT,,,,,,,,,,,,,,,,
,,,,NaT,,,,,,,,,,,,,,,,
,,,,NaT,,,,,,,,,,,,,,,,
,,,,NaT,,,,,,,,,,,,,,,,
,,,,NaT,,,,,,,,,,,,,,,,
,,,,NaT,,,,,,,,,,,,,,,,
,,,,NaT,,,,,,,,,,,,,,,,
,,,,NaT,,,,,,,,,,,,,,,,
,,,,NaT,,,,,,,,,,,,,,,,
,,,,NaT,,,,,,,,,,,,,,,,
,,,,NaT,,,,,,,,,,,,,,,,
,,,,NaT,,,,,,,,,,,,,,,,
,,,,NaT,,,,,,,,,,,,,,,,
,,,,NaT,,,,,,,,,,,,,,,,
,,,,NaT,,,,,,,,,,,,,,,,
,,,,NaT,,,,,,,,,,,,,,,,
,,,,NaT,,,,,,,,,,,,,,,,
,,,,NaT,,,,,,,,,,,,,,,,
,,,,NaT,,,,,,,,,,,,,,,,
,,,,NaT,,,,,,,,,,,,,,,,
,,,,NaT,,,,,,,,,,,,,,,,
,,,,NaT,,,,,,,,,,,,,,,,
,,,,NaT,,,,,,,,,,,,,,,,
,,,,NaT,,,,,,,,,,,,,,,,
,,,,NaT,,,,,,,,,,,,,,,,
,,,,NaT,,,,,,,,,,,,,,,,
,,,,NaT,,,,,,,,,,,,,,,,
,,,,NaT,,,,,,,,,,,,,,,,
,,,,NaT,,,,,,,,,,,,,,,,
,,,,NaT,,,,,,,,,,,,,,,,
,,,,NaT,,,,,,,,,,,,,,,,
,,,,NaT,,,,,,,,,,,,,,,,
,,,,NaT,,,,,,,,,,,,,,,,
,,,,NaT,,,,,,,,,,,,,,,,
,,,,NaT,,,,,,,,,,,,,,,,
,,,,NaT,,,,,,,,,,,,,,,,
,,,,NaT,,,,,,,,,,,,,,,,
,,,,NaT,,,,,,,,,,,,,,,,
,,,,NaT,,,,,,,,,,,,,,,,
,,,,NaT,,,,,,,,,,,,,,,,
,,,,NaT,,,,,,,,,,,,,,,,
,,,,NaT,,,,,,,,,,,,,,,,
,,,,NaT,,,,,,,,,,,,,,,,
,,,,NaT,,,,,,,,,,,,,,,,
,,,,NaT,,,,,,,,,,,,,,,,
,,,,NaT,,,,,,,,,,,,,,,,
,,,,NaT,,,,,,,,,,,,,,,,
,,,,NaT,,,,,,,,,,,,,,,,
,,,,NaT,,,,,,,,,,,,,,,,
,,,,NaT,,,,,,,,,,,,,,,,
,,,,NaT,,,,,,,,,,,,,,,,
,,,,NaT,,,,,,,,,,,,,,,,
,,,,NaT,,,,,,,,,,,,,,,,
,,,,NaT,,,,,,,,,,,,,,,,
,,,,NaT,,,,,,,,,,,,,,,,
,,,,NaT,,,,,,,,,,,,,,,,
,,,,NaT,,,,,,,,,,,,,,,,
,,,,NaT,,,,,,,,,,,,,,,,
,,,,NaT,,,,,,,,,,,,,,,,
,,,,NaT,,,,,,,,,,,,,,,,
,,,,NaT,,,,,,,,,,,,,,,,
,,,,NaT,,,,,,,,,,,,,,,,
,,,,NaT,,,,,,,,,,,,,,,,
,,,,NaT,,,,,,,,,,,,,,,,
,,,,NaT,,,,,,,,,,,,,,,,
,,,,NaT,,,,,,,,,,,,,,,,
,,,,NaT,,,,,,,,,,,,,,,,
,,,,NaT,,,,,,,,,,,,,,,,
,,,,NaT,,,,,,,,,,,,,,,,
,,,,NaT,,,,,,,,,,,,,,,,
,,,,NaT,,,,,,,,,,,,,,,,
,,,,NaT,,,,,,,,,,,,,,,,
,,,,NaT,,,,,,,,,,,,,,,,
,,,,NaT,,,,,,,,,,,,,,,,
,,,,NaT,,,,,,,,,,,,,,,,
,,,,NaT,,,,,,,,,,,,,,,,
,,,,NaT,,,,,,,,,,,,,,,,
,,,,NaT,,,,,,,,,,,,,,,,
,,,,NaT,,,,,,,,,,,,,,,,
,,,,NaT,,,,,,,,,,,,,,,,
,,,,NaT,,,,,,,,,,,,,,,,
,,,,NaT,,,,,,,,,,,,,,,,
,,,,NaT,,,,,,,,,,,,,,,,
,,,,NaT,,,,,,,,,,,,,,,,
,,,,NaT,,,,,,,,,,,,,,,,
,,,,NaT,,,,,,,,,,,,,,,,
,,,,NaT,,,,,,,,,,,,,,,,
,,,,NaT,,,,,,,,,,,,,,,,
,,,,NaT,,,,,,,,,,,,,,,,
,,,,NaT,,,,,,,,,,,,,,,,
,,,,NaT,,,,,,,,,,,,,,,,
,,,,NaT,,,,,,,,,,,,,,,,
,,,,NaT,,,,,,,,,,,,,,,,
,,,,NaT,,,,,,,,,,,,,,,,
,,,,NaT,,,,,,,,,,,,,,,,
,,,,NaT,,,,,,,,,,,,,,,,
,,,,NaT,,,,,,,,,,,,,,,,
,,,,NaT,,,,,,,,,,,,,,,,
,,,,NaT,,,,,,,,,,,,,,,,
,,,,NaT,,,,,,,,,,,,,,,,
,,,,NaT,,,,,,,,,,,,,,,,
,,,,NaT,,,,,,,,,,,,,,,,
,,,,NaT,,,,,,,,,,,,,,,,
,,,,NaT,,,,,,,,,,,,,,,,
,,,,NaT,,,,,,,,,,,,,,,,
,,,,NaT,,,,,,,,,,,,,,,,
,,,,NaT,,,,,,,,,,,,,,,,
,,,,NaT,,,,,,,,,,,,,,,,
,,,,NaT,,,,,,,,,,,,,,,,
,,,,NaT,,,,,,,,,,,,,,,,
,,,,NaT,,,,,,,,,,,,,,,,
,,,,NaT,,,,,,,,,,,,,,,,
,,,,NaT,,,,,,,,,,,,,,,,
,,,,NaT,,,,,,,,,,,,,,,,
,,,,NaT,,,,,,,,,,,,,,,,
,,,,NaT,,,,,,,,,,,,,,,,
,,,,NaT,,,,,,,,,,,,,,,,
,,,,NaT,,,,,,,,,,,,,,,,
,,,,NaT,,,,,,,,,,,,,,,,
,,,,NaT,,,,,,,,,,,,,,,,
,,,,NaT,,,,,,,,,,,,,,,,
,,,,NaT,,,,,,,,,,,,,,,,
,,,,NaT,,,,,,,,,,,,,,,,
,,,,NaT,,,,,,,,,,,,,,,,
,,,,NaT,,,,,,,,,,,,,,,,
,,,,NaT,,,,,,,,,,,,,,,,
,,,,NaT,,,,,,,,,,,,,,,,
,,,,NaT,,,,,,,,,,,,,,,,
,,,,NaT,,,,,,,,,,,,,,,,
,,,,NaT,,,,,,,,,,,,,,,,
,,,,NaT,,,,,,,,,,,,,,,,
,,,,NaT,,,,,,,,,,,,,,,,
,,,,NaT,,,,,,,,,,,,,,,,
,,,,NaT,,,,,,,,,,,,,,,,
,,,,NaT,,,,,,,,,,,,,,,,
,,,,NaT,,,,,,,,,,,,,,,,
,,,,NaT,,,,,,,,,,,,,,,,
,,,,NaT,,,,,,,,,,,,,,,,
,,,,NaT,,,,,,,,,,,,,,,,
,,,,NaT,,,,,,,,,,,,,,,,
,,,,NaT,,,,,,,,,,,,,,,,
,,,,NaT,,,,,,,,,,,,,,,,
,,,,NaT,,,,,,,,,,,,,,,,
,,,,NaT,,,,,,,,,,,,,,,,
,,,,NaT,,,,,,,,,,,,,,,,
,,,,NaT,,,,,,,,,,,,,,,,
,,,,NaT,,,,,,,,,,,,,,,,
,,,,NaT,,,,,,,,,,,,,,,,
,,,,NaT,,,,,,,,,,,,,,,,
,,,,NaT,,,,,,,,,,,,,,,,
,,,,NaT,,,,,,,,,,,,,,,,
,,,,NaT,,,,,,,,,,,,,,,,
,,,,NaT,,,,,,,,,,,,,,,,
,,,,NaT,,,,,,,,,,,,,,,,
,,,,NaT,,,,,,,,,,,,,,,,
,,,,NaT,,,,,,,,,,,,,,,,
,,,,NaT,,,,,,,,,,,,,,,,
,,,,NaT,,,,,,,,,,,,,,,,
,,,,NaT,,,,,,,,,,,,,,,,
,,,,NaT,,,,,,,,,,,,,,,,
,,,,NaT,,,,,,,,,,,,,,,,
,,,,NaT,,,,,,,,,,,,,,,,
,,,,NaT,,,,,,,,,,,,,,,,
,,,,NaT,,,,,,,,,,,,,,,,
,,,,NaT,,,,,,,,,,,,,,,,
,,,,NaT,,,,,,,,,,,,,,,,
,,,,NaT,,,,,,,,,,,,,,,,
,,,,NaT,,,,,,,,,,,,,,,,
,,,,NaT,,,,,,,,,,,,,,,,
,,,,NaT,,,,,,,,,,,,,,,,
,,,,NaT,,,,,,,,,,,,,,,,
,,,,NaT,,,,,,,,,,,,,,,,
,,,,NaT,,,,,,,,,,,,,,,,
,,,,NaT,,,,,,,,,,,,,,,,
,,,,NaT,,,,,,,,,,,,,,,,
,,,,NaT,,,,,,,,,,,,,,,,
,,,,NaT,,,,,,,,,,,,,,,,
,,,,NaT,,,,,,,,,,,,,,,,
,,,,NaT,,,,,,,,,,,,,,,,
,,,,NaT,,,,,,,,,,,,,,,,
,,,,NaT,,,,,,,,,,,,,,,,
,,,,NaT,,,,,,,,,,,,,,,,
,,,,NaT,,,,,,,,,,,,,,,,
,,,,NaT,,,,,,,,,,,,,,,,
,,,,NaT,,,,,,,,,,,,,,,,
,,,,NaT,,,,,,,,,,,,,,,,
,,,,NaT,,,,,,,,,,,,,,,,
,,,,NaT,,,,,,,,,,,,,,,,
,,,,NaT,,,,,,,,,,,,,,,,
,,,,NaT,,,,,,,,,,,,,,,,
,,,,NaT,,,,,,,,,,,,,,,,
,,,,NaT,,,,,,,,,,,,,,,,
,,,,NaT,,,,,,,,,,,,,,,,
,,,,NaT,,,,,,,,,,,,,,,,
,,,,NaT,,,,,,,,,,,,,,,,
,,,,NaT,,,,,,,,,,,,,,,,
,,,,NaT,,,,,,,,,,,,,,,,
,,,,NaT,,,,,,,,,,,,,,,,
,,,,NaT,,,,,,,,,,,,,,,,
,,,,NaT,,,,,,,,,,,,,,,,
,,,,NaT,,,,,,,,,,,,,,,,
,,,,NaT,,,,,,,,,,,,,,,,
,,,,NaT,,,,,,,,,,,,,,,,
,,,,NaT,,,,,,,,,,,,,,,,
,,,,NaT,,,,,,,,,,,,,,,,
,,,,NaT,,,,,,,,,,,,,,,,
,,,,NaT,,,,,,,,,,,,,,,,
,,,,NaT,,,,,,,,,,,,,,,,
,,,,NaT,,,,,,,,,,,,,,,,
,,,,NaT,,,,,,,,,,,,,,,,
,,,,NaT,,,,,,,,,,,,,,,,
,,,,NaT,,,,,,,,,,,,,,,,
,,,,NaT,,,,,,,,,,,,,,,,
,,,,NaT,,,,,,,,,,,,,,,,
,,,,NaT,,,,,,,,,,,,,,,,
,,,,NaT,,,,,,,,,,,,,,,,
,,,,NaT,,,,,,,,,,,,,,,,
,,,,NaT,,,,,,,,,,,,,,,,
,,,,NaT,,,,,,,,,,,,,,,,
,,,,NaT,,,,,,,,,,,,,,,,
,,,,NaT,,,,,,,,,,,,,,,,
,,,,NaT,,,,,,,,,,,,,,,,
,,,,NaT,,,,,,,,,,,,,,,,
,,,,NaT,,,,,,,,,,,,,,,,
,,,,NaT,,,,,,,,,,,,,,,,
,,,,NaT,,,,,,,,,,,,,,,,
,,,,NaT,,,,,,,,,,,,,,,,
,,,,NaT,,,,,,,,,,,,,,,,
,,,,NaT,,,,,,,,,,,,,,,,
,,,,NaT,,,,,,,,,,,,,,,,
,,,,NaT,,,,,,,,,,,,,,,,
,,,,NaT,,,,,,,,,,,,,,,,
,,,,NaT,,,,,,,,,,,,,,,,
,,,,NaT,,,,,,,,,,,,,,,,
,,,,NaT,,,,,,,,,,,,,,,,
,,,,NaT,,,,,,,,,,,,,,,,
,,,,NaT,,,,,,,,,,,,,,,,
,,,,NaT,,,,,,,,,,,,,,,,
,,,,NaT,,,,,,,,,,,,,,,,
,,,,NaT,,,,,,,,,,,,,,,,
,,,,NaT,,,,,,,,,,,,,,,,
,,,,NaT,,,,,,,,,,,,,,,,
,,,,NaT,,,,,,,,,,,,,,,,
,,,,NaT,,,,,,,,,,,,,,,,
,,,,NaT,,,,,,,,,,,,,,,,
,,,,NaT,,,,,,,,,,,,,,,,
,,,,NaT,,,,,,,,,,,,,,,,
,,,,NaT,,,,,,,,,,,,,,,,
,,,,NaT,,,,,,,,,,,,,,,,
,,,,NaT,,,,,,,,,,,,,,,,
,,,,NaT,,,,,,,,,,,,,,,,
,,,,NaT,,,,,,,,,,,,,,,,
,,,,NaT,,,,,,,,,,,,,,,,
,,,,NaT,,,,,,,,,,,,,,,,
,,,,NaT,,,,,,,,,,,,,,,,
,,,,NaT,,,,,,,,,,,,,,,,
,,,,NaT,,,,,,,,,,,,,,,,
,,,,NaT,,,,,,,,,,,,,,,,
,,,,NaT,,,,,,,,,,,,,,,,
,,,,NaT,,,,,,,,,,,,,,,,
,,,,NaT,,,,,,,,,,,,,,,,
,,,,NaT,,,,,,,,,,,,,,,,
,,,,NaT,,,,,,,,,,,,,,,,
,,,,NaT,,,,,,,,,,,,,,,,
,,,,NaT,,,,,,,,,,,,,,,,
,,,,NaT,,,,,,,,,,,,,,,,
,,,,NaT,,,,,,,,,,,,,,,,
,,,,NaT,,,,,,,,,,,,,,,,
,,,,NaT,,,,,,,,,,,,,,,,
,,,,NaT,,,,,,,,,,,,,,,,
,,,,NaT,,,,,,,,,,,,,,,,
,,,,NaT,,,,,,,,,,,,,,,,
,,,,NaT,,,,,,,,,,,,,,,,
,,,,NaT,,,,,,,,,,,,,,,,
,,,,NaT,,,,,,,,,,,,,,,,
,,,,NaT,,,,,,,,,,,,,,,,
,,,,NaT,,,,,,,,,,,,,,,,
,,,,NaT,,,,,,,,,,,,,,,,
,,,,NaT,,,,,,,,,,,,,,,,
,,,,NaT,,,,,,,,,,,,,,,,
,,,,NaT,,,,,,,,,,,,,,,,
,,,,NaT,,,,,,,,,,,,,,,,
,,,,NaT,,,,,,,,,,,,,,,,
,,,,NaT,,,,,,,,,,,,,,,,
,,,,NaT,,,,,,,,,,,,,,,,
,,,,NaT,,,,,,,,,,,,,,,,
,,,,NaT,,,,,,,,,,,,,,,,
,,,,NaT,,,,,,,,,,,,,,,,
,,,,NaT,,,,,,,,,,,,,,,,
,,,,NaT,,,,,,,,,,,,,,,,
,,,,NaT,,,,,,,,,,,,,,,,
,,,,NaT,,,,,,,,,,,,,,,,
,,,,NaT,,,,,,,,,,,,,,,,
,,,,NaT,,,,,,,,,,,,,,,,
,,,,NaT,,,,,,,,,,,,,,,,
,,,,NaT,,,,,,,,,,,,,,,,
,,,,NaT,,,,,,,,,,,,,,,,
,,,,NaT,,,,,,,,,,,,,,,,
,,,,NaT,,,,,,,,,,,,,,,,
,,,,NaT,,,,,,,,,,,,,,,,
,,,,NaT,,,,,,,,,,,,,,,,
,,,,NaT,,,,,,,,,,,,,,,,
,,,,NaT,,,,,,,,,,,,,,,,
,,,,NaT,,,,,,,,,,,,,,,,
,,,,NaT,,,,,,,,,,,,,,,,
,,,,NaT,,,,,,,,,,,,,,,,
,,,,NaT,,,,,,,,,,,,,,,,
,,,,NaT,,,,,,,,,,,,,,,,
,,,,NaT,,,,,,,,,,,,,,,,
,,,,NaT,,,,,,,,,,,,,,,,
,,,,NaT,,,,,,,,,,,,,,,,
,,,,NaT,,,,,,,,,,,,,,,,
,,,,NaT,,,,,,,,,,,,,,,,
,,,,NaT,,,,,,,,,,,,,,,,
,,,,NaT,,,,,,,,,,,,,,,,
,,,,NaT,,,,,,,,,,,,,,,,
,,,,NaT,,,,,,,,,,,,,,,,
,,,,NaT,,,,,,,,,,,,,,,,
,,,,NaT,,,,,,,,,,,,,,,,
,,,,NaT,,,,,,,,,,,,,,,,
,,,,NaT,,,,,,,,,,,,,,,,
,,,,NaT,,,,,,,,,,,,,,,,
,,,,NaT,,,,,,,,,,,,,,,,
,,,,NaT,,,,,,,,,,,,,,,,
,,,,NaT,,,,,,,,,,,,,,,,
,,,,NaT,,,,,,,,,,,,,,,,
,,,,NaT,,,,,,,,,,,,,,,,
,,,,NaT,,,,,,,,,,,,,,,,
,,,,NaT,,,,,,,,,,,,,,,,
,,,,NaT,,,,,,,,,,,,,,,,
,,,,NaT,,,,,,,,,,,,,,,,
,,,,NaT,,,,,,,,,,,,,,,,
,,,,NaT,,,,,,,,,,,,,,,,
,,,,NaT,,,,,,,,,,,,,,,,
,,,,NaT,,,,,,,,,,,,,,,,
,,,,NaT,,,,,,,,,,,,,,,,
,,,,NaT,,,,,,,,,,,,,,,,
,,,,NaT,,,,,,,,,,,,,,,,
,,,,NaT,,,,,,,,,,,,,,,,
,,,,NaT,,,,,,,,,,,,,,,,
,,,,NaT,,,,,,,,,,,,,,,,
,,,,NaT,,,,,,,,,,,,,,,,
,,,,NaT,,,,,,,,,,,,,,,,
,,,,NaT,,,,,,,,,,,,,,,,
,,,,NaT,,,,,,,,,,,,,,,,
,,,,NaT,,,,,,,,,,,,,,,,
,,,,NaT,,,,,,,,,,,,,,,,
,,,,NaT,,,,,,,,,,,,,,,,
,,,,NaT,,,,,,,,,,,,,,,,
,,,,NaT,,,,,,,,,,,,,,,,
,,,,NaT,,,,,,,,,,,,,,,,
,,,,NaT,,,,,,,,,,,,,,,,
,,,,NaT,,,,,,,,,,,,,,,,
,,,,NaT,,,,,,,,,,,,,,,,
,,,,NaT,,,,,,,,,,,,,,,,
,,,,NaT,,,,,,,,,,,,,,,,
,,,,NaT,,,,,,,,,,,,,,,,
,,,,NaT,,,,,,,,,,,,,,,,
,,,,NaT,,,,,,,,,,,,,,,,
,,,,NaT,,,,,,,,,,,,,,,,
,,,,NaT,,,,,,,,,,,,,,,,
,,,,NaT,,,,,,,,,,,,,,,,
,,,,NaT,,,,,,,,,,,,,,,,
,,,,NaT,,,,,,,,,,,,,,,,
,,,,NaT,,,,,,,,,,,,,,,,
,,,,NaT,,,,,,,,,,,,,,,,
,,,,NaT,,,,,,,,,,,,,,,,
,,,,NaT,,,,,,,,,,,,,,,,
,,,,NaT,,,,,,,,,,,,,,,,
,,,,NaT,,,,,,,,,,,,,,,,
,,,,NaT,,,,,,,,,,,,,,,,
,,,,NaT,,,,,,,,,,,,,,,,
,,,,NaT,,,,,,,,,,,,,,,,
,,,,NaT,,,,,,,,,,,,,,,,
,,,,NaT,,,,,,,,,,,,,,,,
,,,,NaT,,,,,,,,,,,,,,,,
,,,,NaT,,,,,,,,,,,,,,,,
,,,,NaT,,,,,,,,,,,,,,,,
,,,,NaT,,,,,,,,,,,,,,,,
,,,,NaT,,,,,,,,,,,,,,,,
,,,,NaT,,,,,,,,,,,,,,,,
,,,,NaT,,,,,,,,,,,,,,,,
,,,,NaT,,,,,,,,,,,,,,,,
,,,,NaT,,,,,,,,,,,,,,,,
,,,,NaT,,,,,,,,,,,,,,,,
,,,,NaT,,,,,,,,,,,,,,,,
,,,,NaT,,,,,,,,,,,,,,,,
,,,,NaT,,,,,,,,,,,,,,,,
,,,,NaT,,,,,,,,,,,,,,,,
,,,,NaT,,,,,,,,,,,,,,,,
,,,,NaT,,,,,,,,,,,,,,,,
,,,,NaT,,,,,,,,,,,,,,,,
,,,,NaT,,,,,,,,,,,,,,,,
,,,,NaT,,,,,,,,,,,,,,,,
,,,,NaT,,,,,,,,,,,,,,,,
,,,,NaT,,,,,,,,,,,,,,,,
,,,,NaT,,,,,,,,,,,,,,,,
,,,,NaT,,,,,,,,,,,,,,,,
,,,,NaT,,,,,,,,,,,,,,,,
,,,,NaT,,,,,,,,,,,,,,,,
,,,,NaT,,,,,,,,,,,,,,,,
,,,,NaT,,,,,,,,,,,,,,,,
,,,,NaT,,,,,,,,,,,,,,,,
,,,,NaT,,,,,,,,,,,,,,,,
,,,,NaT,,,,,,,,,,,,,,,,
,,,,NaT,,,,,,,,,,,,,,,,
,,,,NaT,,,,,,,,,,,,,,,,
,,,,NaT,,,,,,,,,,,,,,,,
,,,,NaT,,,,,,,,,,,,,,,,
,,,,NaT,,,,,,,,,,,,,,,,
,,,,NaT,,,,,,,,,,,,,,,,
,,,,NaT,,,,,,,,,,,,,,,,
,,,,NaT,,,,,,,,,,,,,,,,
,,,,NaT,,,,,,,,,,,,,,,,
,,,,NaT,,,,,,,,,,,,,,,,
,,,,NaT,,,,,,,,,,,,,,,,
,,,,NaT,,,,,,,,,,,,,,,,
,,,,NaT,,,,,,,,,,,,,,,,
,,,,NaT,,,,,,,,,,,,,,,,
,,,,NaT,,,,,,,,,,,,,,,,
,,,,NaT,,,,,,,,,,,,,,,,
,,,,NaT,,,,,,,,,,,,,,,,
,,,,NaT,,,,,,,,,,,,,,,,
,,,,NaT,,,,,,,,,,,,,,,,
,,,,NaT,,,,,,,,,,,,,,,,
,,,,NaT,,,,,,,,,,,,,,,,
,,,,NaT,,,,,,,,,,,,,,,,
,,,,NaT,,,,,,,,,,,,,,,,
,,,,NaT,,,,,,,,,,,,,,,,
,,,,NaT,,,,,,,,,,,,,,,,
,,,,NaT,,,,,,,,,,,,,,,,
,,,,NaT,,,,,,,,,,,,,,,,
,,,,NaT,,,,,,,,,,,,,,,,
,,,,NaT,,,,,,,,,,,,,,,,
,,,,NaT,,,,,,,,,,,,,,,,
