Date,Year,Ships,Country,Sorties_D0,Sorties_Total_5d,Sorties_Prev_5d,Increase,Unnamed: 8,Ship_Type,Hull_Number,Mission_Note,Date_Precision,Date_Note,Source,Country_Confidence,
2020/1/16,2020,美軍提康德羅加巡洋艦「希羅」號（USS Shiloh CG-67）航經台灣海峽,Multi (US+Germany),0.0,1.0,0.0,1.0,,巡洋艦,CG-67,,exact,,,high,
2020/2/15,2020,美海軍提康德羅加級巡洋艦「錢瑟勒斯維爾」號（USS Chancellorsville CG-62）由北向南航經台灣海峽，執行一般航行任務,Multi (US+Germany),0.0,0.0,2.0,-2.0,,巡洋艦,CG-62,,exact,,,high,
2020/3/25,2020,美軍伯克級驅逐艦「麥坎貝爾」號（USS McCampbell DDG-85）由南向北航經台灣海峽執行一般航行任務,US,0.0,0.0,0.0,0.0,,驅逐艦,DDG-85,,exact,,,high,
2020/4/10,2020,美軍伯克級驅逐艦「貝瑞」號（USS Barry DDG-52）通過台灣海峽執行一般航行任務,US,3.0,3.0,0.0,3.0,,驅逐艦,DDG-52,,exact,,,high,
2020/4/23,2020,美軍伯克級驅逐艦「貝瑞」號（USS Barry DDG-52）航經台灣海峽執行一般航行任務,US,0.0,0.0,0.0,0.0,,驅逐艦,DDG-52,,exact,,,high,
2020/5/13,2020,伯克級驅逐艦「麥坎貝爾」號（USS McCampbell DDG-85）由北向南通過台灣海峽,US,0.0,4.0,5.0,-1.0,,驅逐艦,DDG-85,,exact,,,high,
2020/6/4,2020,美軍伯克級驅逐艦拉塞爾號（USS Russell DDG-59）通過台灣海峽,US,0.0,1.0,0.0,1.0,,驅逐艦,DDG-59,,exact,,,high,
2020/8/18,2020,美軍伯克級驅逐艦「馬斯廷」號（USS Mustin DDG-89）通過台灣海峽，沿接近中國大陸海岸線的海峽中線以西航行,US,0.0,1.0,0.0,1.0,,驅逐艦,DDG-89,,exact,,,high,
2020/8/31,2020,美軍伯克級驅逐艦「海爾賽」號（USS Halsey DDG-97）由北向南航經台灣海峽,US,0.0,0.0,1.0,-1.0,,驅逐艦,DDG-97,,exact,,,high,
2020/10/15,2020,美軍伯克級飛彈驅逐艦「貝瑞」號（USS Barry DDG-52）通過台灣海峽,US,1.0,6.0,2.0,4.0,,飛彈驅逐艦,DDG-52,,exact,,,high,
2020/11/21,2020,美軍伯克級神盾驅逐艦「貝瑞」號（USS Barry DDG-52）通過台灣海峽,US,2.0,7.0,7.0,0.0,,神盾驅逐艦,DDG-52,,exact,,,high,
2021/1/20,2021,美國林肯號航空母艦經過巴士海峽,US,1.0,31.0,8.0,23.0,,航空母艦,,,exact,,,medium,
2021/1/23,2021,美國杜威號驅逐艦通過,US,13.0,38.0,7.0,31.0,,驅逐艦,,,exact,,,medium,
2021/2/4,2021,美海軍「麥凱恩」號驅逐艦,US,2.0,8.0,10.0,-2.0,,驅逐艦,,,exact,,,medium,
2021/2/24,2021,美海軍「威爾伯」號驅逐艦,US,0.0,2.0,22.0,-20.0,,驅逐艦,,,exact,,,medium,
2021/3/10,2021,美海軍「費恩」號驅逐艦,US,1.0,6.0,2.0,4.0,,驅逐艦,,,exact,,,medium,
2021/4/7,2021,美海軍「麥凱恩」號驅逐艦,US,16.0,58.0,17.0,41.0,,驅逐艦,,,exact,,,medium,
2021/5/18,2021,美海軍「威爾伯」號驅逐艦,US,0.0,14.0,0.0,14.0,,驅逐艦,,,exact,,,medium,
2021/6/22,2021,美海軍「威爾伯」號驅逐艦,US,0.0,1.0,10.0,-9.0,,驅逐艦,,,exact,,,medium,
2021/7/28,2021,美海軍「本福德」號驅逐艦,Multi (US+Germany),1.0,1.0,3.0,-2.0,,驅逐艦,,,exact,,,medium,
2021/8/27,2021,美海軍「基德」號驅逐艦、美海警「門羅」號海警船,Multi (US+Germany),2.0,5.0,6.0,-1.0,,驅逐艦、海警船,,,exact,,,medium,
2021/9/17,2021,美海軍「巴里」號驅逐艦,US,10.0,17.0,16.0,1.0,,驅逐艦,,,exact,,,medium,
2021/10/15,2021,美海軍「杜威」號驅逐艦、加海軍「溫尼伯」號護衛艦,US,0.0,13.0,3.0,10.0,,驅逐艦、護衛艦,,,exact,,,medium,
2021/11/23,2021,美海軍「米利厄斯」號驅逐艦,US,4.0,50.0,26.0,24.0,,驅逐艦,,,exact,,,medium,
2021/12/15,2021,美海軍「查菲」號驅逐艦,US,2.0,11.0,21.0,-10.0,,驅逐艦,,,exact,,,medium,
2022/1/22,2022,美海軍「杜威」號驅逐艦,US,0.0,62.0,11.0,51.0,,驅逐艦,,,exact,,,medium,
2022/2/26,2022,美海軍「拉爾夫·約翰遜」號驅逐艦,US,7.0,23.0,15.0,8.0,,驅逐艦,,,exact,,,medium,
2022/3/17,2022,美海軍「拉爾夫·約翰遜」號驅逐艦,US,1.0,8.0,17.0,-9.0,,驅逐艦,,,exact,,,medium,
2022/4/26,2022,美海軍「桑普森」號驅逐艦,US,2.0,14.0,17.0,-3.0,,驅逐艦,,,exact,,,medium,
2022/5/10,2022,美海軍「皇家港」號巡洋艦,US,2.0,5.0,32.0,-27.0,,巡洋艦,,,exact,,,medium,
2022/7/19,2022,美海軍「本福德」號驅逐艦,Multi (US+Germany),1.0,19.0,13.0,6.0,,驅逐艦,,,exact,,,medium,
2022/8/28,2022,美海軍「安提坦」號與「錢斯洛斯維爾」號巡洋艦,US,23.0,218.0,104.0,114.0,,巡洋艦,,,exact,,,medium,
2022/9/20,2022,美海軍「希金斯」號驅逐艦、加海軍「溫哥華」號護衛艦,US,24.0,126.0,106.0,20.0,,驅逐艦、護衛艦,,,exact,,,medium,
2022/11/18,2022,美海軍「本福德」號驅逐艦,Multi (US+Germany),0.0,49.0,5.0,44.0,,驅逐艦,,,exact,,,medium,
2023/1/5,2023,美國海軍鍾雲號驅逐艦通過,US,0.0,104.0,55.0,49.0,,驅逐艦,,,exact,,,medium,
2023/4/16,2023,美國海軍米利厄斯驅逐艦通過,US,18.0,63.0,88.0,-25.0,,驅逐艦,,,exact,,,medium,
2023/6/3,2023,美國海軍鍾雲號驅逐艦、蒙特利爾號通過,US,15.0,89.0,43.0,46.0,,驅逐艦,,,exact,,,medium,
2023/6/21,2023,美國海巡斯特拉頓號巡邏艦通過,US,29.0,84.0,54.0,30.0,,巡邏艦,,,exact,,,medium,
2023/9/9,2023,美國海軍拉爾夫、加拿大渥太華驅逐艦艦通過,Multi (US+Canada),8.0,169.0,11.0,158.0,,驅逐艦,,,exact,,,medium,
2023/9/18,2023,中國西太平洋聯合軍演（2023/09/18）,Other,55.0,141.0,206.0,-65.0,,,,,exact,,,,
2023/11/1,2023,美國海軍拉菲爾 、加拿大渥太華驅逐艦艦通過,Multi (US+Canada),13.0,92.0,69.0,23.0,,驅逐艦,,,exact,,,medium,
2024/5/31,2024,荷蘭皇家海軍巡防艦「卓普號」（HNLMS Tromp）,Multi (UK+Netherlands),9.0,57.0,82.0,-25.0,,巡防艦,,,exact,,,high,
2024/6/1,2024,土耳其海軍巡防艦「克納勒島號」（TCG Kinaliada）,Turkey,2.0,54.0,84.0,-30.0,,巡防艦,,,exact,,,medium,
2024/7/31,2024,加拿大海軍巡防艦「蒙特婁號」（HMCS Montréal）,Canada,0.0,92.0,57.0,35.0,,巡防艦,,,exact,,,high,
2024/9/13,2024,德國海軍巡防艦「巴登-符騰堡號」（FGS Baden-Württemberg）和補給艦「美茵河畔法蘭克福號」（FGS Frankfurt am Main）,Multi (US+Germany+France),11.0,86.0,73.0,13.0,,補給艦、巡防艦,,,exact,,,high,
2024/9/25,2024,澳洲皇家海軍飛彈驅逐艦「雪梨號」（HMAS Sydney）紐西蘭皇家海軍補給艦「奧特亞羅瓦號」（HMNZS Aotearoa）日本海上自衛隊巡防艦「漣號」（さざなみ，Sazanami）,Multi (UK+Japan+Australia+New Zealand),11.0,70.0,59.0,11.0,,飛彈驅逐艦、補給艦、巡防艦,,,exact,,,high,
2024/10/20,2024,加拿大海軍巡防艦「溫哥華號」（HMCS Vancouver）美國海軍飛彈驅逐艦「希金斯號」（USS Higgins）通過台灣海峽,Multi (US+Canada),6.0,73.0,85.0,-12.0,,飛彈驅逐艦、巡防艦,,,exact,,,high,
2024/10/28,2024,法國海軍巡防艦「牧月號」（FNS Prairial）,France,6.0,56.0,68.0,-12.0,,巡防艦,,,exact,,,high,
2025/2/2,2025,日本海上自衛隊驅逐艦「秋月號」（あきづき，Akizuki）由北向南穿越,Japan,21.0,80.0,28.0,52.0,,驅逐艦,,,exact,,,medium,
2025/2/16,2025,加拿大海軍的哈利法克斯級巡防艦「渥太華號」通過台灣海峽,Multi (Canada+France),4.0,53.0,92.0,-39.0,,巡防艦,,,exact,,,medium,
2025/2/26,2025,共軍派出32架戰機執行聯合戰備警巡，並在高屏外海無預警宣布射擊訓練同時英國海軍巡邏艦「史佩號」(HMS Spey)通過台海,UK,11.0,102.0,12.0,90.0,,巡邏艦,,,exact,,,high,
2025/6/18,2025,英國皇家海軍巡邏艦「史佩號」通過台灣海峽,UK,7.0,139.0,32.0,107.0,,巡邏艦,,,exact,,,medium,
2025/9/6,2025,加拿大海軍巡防艦「魁北克城號」與澳洲海軍驅逐艦「布里斯本號」編隊通過台灣海峽,Multi (Canada+Australia),28.0,106.0,50.0,56.0,,驅逐艦、巡防艦,,,exact,,,medium,
2025/9/12,2025,中國第三艘航空母艦「福建號」通過台灣海峽 美國海軍驅逐艦「希金斯號」與英國皇家海軍護衛艦「里契蒙號」編隊通過台灣海峽,Multi (US+UK),22.0,161.0,78.0,83.0,,驅逐艦、護衛艦、航空母艦,,,exact,,,medium,
2025/9/13,2025,美國海軍驅逐艦「希金斯號」與英國皇家海軍護衛艦「裡契蒙號」,Multi (US+UK+Australia),31.0,146.0,79.0,67.0,,驅逐艦、護衛艦,,,exact,,,medium,
2025/11/5,2025,紐西蘭補給艦奧特亞羅瓦號（HMNZS Aotearoa）通過臺灣海峽,New Zealand,,,,,,補給艦,,,exact,,,high,
2025/12/11,2025,越南證實軍艦12月11左右通過臺灣海峽,Vietnam,,,,,,,,,exact,,,medium,
2026/1/16,2026,美國約翰·芬號（DDG 113）和探路者級海洋調查船瑪麗·西爾斯”號（T-AGS 65）,US,,,,,https://news.usni.org/2026/01/17/u-s-destroyer-survey-vessel-conduct-first-taiwan-strait-transit-of-2026-say-chinese-officials,飛彈驅逐艦、海洋測量船,"DDG-113, T-AGS 65",2026 年美軍首度雙艦穿越台海。芬恩號具防空與反潛能力；瑪麗西爾斯號執行水下數據與環境監測。,range,1月16日－17日,媒體報導,medium,
2026/2/8,2026,7艘共艦台海周邊活動國軍嚴密監控,CN,,,,,https://www.cna.com.tw/news/aipl/202602080017.aspx,,,,,,,,
2026/2/20,2026,"澳洲皇家海軍巡防衛艦「土烏巴號」（HMAS Toowoomba, FFH 156）現蹤台海",Australia,,,,,https://def.ltn.com.tw/article/breakingnews/5346751,巡防衛艦,FFH-156,,exact,,,high,
2026/2/22,2026,澳洲軍艦通過台海國防部：國際水域享有航行權利,Australia,,,,,https://www.cna.com.tw/news/aipl/202602220153.aspx,,,,exact,,,medium,
2026/3/2,2026,5艘共艦台海周邊活動國軍嚴密監控,CN,,,,,https://www.cna.com.tw/news/aipl/202603020040.aspx,,,,,,,,
2026/3/3,2026,5艘中共軍艦台海周邊活動國軍嚴密監控應處,CN,,,,,https://www.cna.com.tw/news/aipl/202603030041.aspx,,,,,,,,
2026/3/5,2026,6艘共艦2艘公務船擾台國軍嚴密監控,CN,,,,,https://www.cna.com.tw/news/aipl/202603050044.aspx,,,,,,,,
2026/3/9,2026,8艘共艦擾台國軍嚴密監控,CN,,,,,https://www.cna.com.tw/news/aipl/202603090036.aspx,,,,,,,,
2026/3/11,2026,6艘共艦侵擾台灣中共13日發射運載火箭,CN,,,,,https://www.cna.com.tw/news/aipl/202603110039.aspx,,,,,,,,
2026/4/17,2026,"雷號（JS Ikazuchi, DD-107）",JP,,,,,,村雨級護衛艦（驅逐艦）,DD-107,海上自衛隊時隔 10 個月再度派艦穿越台海。通過後南下前往南海參加美菲聯合軍演。,exact,4月17日,媒體報導,high,
2026/6/23,2026,中共航艦福建號航經台灣海峽國軍嚴密監控,CN,,,,,https://www.cna.com.tw/news/aipl/202606230350.aspx,,,,,,,,
2026/6/29,2026,中共軍艦公務船於台海周邊活動國軍嚴密監控,CN,,,,,https://www.cna.com.tw/news/aipl/202606290040.aspx,,,,,,,,
2026/7/4,2026,中國海警續派艦艇出沒台海東部海巡2艦併航監控,CN,,,,,https://www.cna.com.tw/news/acn/202607040050.aspx,,,,,,,,
2026/7/15,2026,"亨森號（USNS Henson, T-AGS 63）",US,,,,,,探路者級海洋調查船,T-AGS 63,由南向北駛入台灣海峽，搭載多波束聲納等精密儀器蒐集水文數據，引發共軍派遣直升機跟監應對。,approximate,7月中旬（確切日期待確認）,媒體報導,high,
2026/8/22,2026,美國第七艦隊證實P-8A軍機飛越台海,US,,,,,,,,,exact,,新聞自動分類,medium,https://www.cna.com.tw/news/aopl/202608220025.aspx
